x,y,pct_ref,flood_bearing,ebb_bearing
451.5944055944056,68.1958041958042,41.0,101.1,281.1
402.52702702702703,69.5,66.5,73.3,253.3
503.3611111111111,94.64583333333333,44.8,121.0,301.0
354.72,99.13,62.2,57.8,237.8
420.60849056603774,113.47641509433963,58.7,85.9,265.9
462.42541436464086,124.31491712707182,47.3,102.9,282.9
314.2323232323232,140.24242424242425,60.0,41.3,221.3
1067.5809018567638,144.55968169761275,90.2,352.6,172.6
432.42512077294685,149.5024154589372,58.4,90.2,270.2
831.491935483871,161.09274193548387,66.3,87.2,267.2
345.8514851485148,162.04950495049505,36.3,53.0,233.0
519.2203389830509,167.87570621468927,50.9,87.7,267.7
775.2025862068965,168.38362068965517,65.9,65.9,245.9
867.1844660194175,178.58252427184465,53.9,92.5,272.5
588.7075471698113,191.31132075471697,37.2,127.0,307.0
396.8521739130435,195.03478260869565,68.2,55.3,235.3
311.7799043062201,196.6315789473684,58.7,44.8,224.8
731.0382513661202,199.21311475409837,53.5,71.7,251.7
501.5963302752294,201.6422018348624,65.2,75.8,255.8
271.0696517412935,202.83084577114428,57.8,50.6,230.6
816.9446808510638,203.2595744680851,70.0,66.7,246.7
226.49112426035504,212.36094674556213,49.0,50.4,230.4
1122.605504587156,213.6559633027523,97.8,351.1,171.1
760.8851674641148,215.41626794258374,60.5,66.7,246.7
603.0079051383399,220.56126482213438,70.2,114.0,294.0
1059.7164948453608,223.9819587628866,90.4,351.6,171.6
664.9571428571429,231.83214285714286,76.1,81.9,261.9
994.6191950464396,232.09907120743034,80.4,354.4,174.4
352.31531531531533,239.0855855855856,66.3,44.7,224.7
565.295154185022,242.8281938325991,64.6,93.1,273.1
503.0229357798165,245.13302752293578,65.7,81.1,261.1
873.3091603053435,247.66030534351145,70.1,335.6,155.6
931.1575091575091,252.01465201465203,70.2,351.8,171.8
212.29090909090908,256.0590909090909,65.2,46.5,226.5
823.7320754716981,259.20377358490566,72.2,28.3,208.3
633.6651982378854,267.2246696035242,66.5,94.7,274.7
457.2162162162162,273.4684684684685,65.3,69.3,249.3
389.7455357142857,273.8794642857143,67.4,49.0,229.0
761.0034965034965,275.7167832167832,80.6,59.9,239.9
559.0,279.3914590747331,80.6,84.3,264.3
315.71204188481676,284.85340314136124,57.9,39.8,219.8
971.7220630372493,290.6618911174785,88.5,351.4,171.4
1028.7851662404091,297.2020460358056,92.0,351.0,171.0
1135.7826086956522,298.4576659038902,99.5,352.5,172.5
604.5249042145593,298.5977011494253,74.3,85.6,265.6
232.57327586206895,298.71120689655174,67.4,26.3,206.3
679.7062937062936,300.6888111888112,77.4,83.6,263.6
408.5304347826087,304.9,69.2,53.0,233.0
1075.8153477218225,305.92326139088726,96.5,351.7,171.7
490.70588235294116,307.1862745098039,86.0,66.6,246.6
851.5016835016835,307.9124579124579,74.5,8.1,188.1
177.22429906542055,311.7803738317757,65.5,41.2,221.2
924.033950617284,314.67283950617286,83.2,349.0,169.0
776.9118644067796,317.2338983050847,77.6,56.4,236.4
547.4575645756457,321.67158671586714,77.9,76.0,256.0
345.9357429718876,323.2971887550201,73.9,43.2,223.2
275.01063829787233,333.2659574468085,82.6,46.4,226.4
688.4083969465648,348.4961832061069,70.8,79.1,259.1
890.0451977401129,350.70338983050846,88.6,348.1,168.1
212.95348837209303,351.2906976744186,75.1,31.2,211.2
370.7816091954023,351.9616858237548,77.3,50.7,230.7
434.8716216216216,353.18581081081084,83.8,49.2,229.2
122.97524752475248,354.38613861386136,64.3,41.6,221.6
1006.5123152709359,363.07142857142856,98.3,349.1,169.1
823.1374269005848,364.5701754385965,87.6,359.9,179.9
482.47648902821317,365.2413793103448,89.5,56.3,236.3
573.7349823321555,371.28621908127207,77.2,78.9,258.9
300.1439393939394,372.61742424242425,75.6,38.7,218.7
958.7481108312343,373.1486146095718,96.1,352.1,172.1
155.6186046511628,377.8837209302326,63.3,30.4,210.4
631.6714801444043,378.18050541516243,76.8,70.8,250.8
1143.5915492957747,387.9366197183099,97.4,352.7,172.7
1087.601895734597,394.5971563981043,97.6,352.1,172.1
507.7509025270758,398.956678700361,78.3,46.6,226.6
104.66829268292683,401.0243902439024,58.5,22.5,202.5
790.1148459383753,402.8011204481793,91.7,352.2,172.2
871.6941489361702,405.8244680851064,93.5,347.1,167.1
179.48846153846154,414.0346153846154,72.4,17.5,197.5
307.28852459016395,422.0852459016393,84.5,28.5,208.5
582.632911392405,422.4599156118143,65.6,58.4,238.4
923.4636591478696,429.81954887218046,99.2,347.8,167.8
443.87460815047024,434.9153605015674,85.5,18.8,198.8
1036.1942446043165,440.88729016786573,98.3,350.9,170.9
843.6606683804628,442.38046272493574,98.7,338.5,158.5
256.5846153846154,443.7153846153846,72.9,17.8,197.8
201.71031746031747,446.6666666666667,72.3,12.0,192.0
760.5335120643432,449.51742627345845,95.3,339.6,159.6
985.4282296650717,450.33971291866027,100.1,349.9,169.9
649.7196261682243,472.0529595015576,82.3,327.7,147.7
1152.116972477064,475.48394495412845,99.1,353.9,173.9
715.9597855227883,476.6005361930295,92.5,327.0,147.0
162.92372881355934,477.8305084745763,63.1,357.6,177.6
817.1016042780749,480.7994652406417,94.2,332.4,152.4
1097.9194630872482,483.1319910514541,102.2,353.8,173.8
283.14330218068534,492.1775700934579,89.6,355.7,175.7
393.84300341296927,492.358361774744,75.3,349.0,169.0
350.59285714285716,496.12857142857143,75.0,350.3,170.3
897.7275,500.6075,98.7,342.2,162.2
574.733870967742,504.6975806451613,62.7,324.9,144.9
207.4857142857143,507.58367346938775,69.6,354.5,174.5
955.1842751842752,513.8034398034398,98.4,344.5,164.5
463.26460481099656,517.4123711340206,78.0,327.1,147.1
253.67595818815332,526.8501742160279,80.2,344.4,164.4
790.7619047619048,530.7566137566138,96.0,319.8,139.8
1015.4843373493976,532.7469879518072,100.1,349.1,169.1
180.69230769230768,534.1497975708502,71.0,339.5,159.5
706.7406340057637,536.8328530259366,88.2,312.7,132.7
637.3676012461059,537.4267912772585,76.3,311.1,131.1
108.65942028985508,540.5942028985507,49.5,332.1,152.1
153.11111111111111,544.9371980676328,61.2,342.9,162.9
869.924205378973,546.4987775061124,99.0,334.2,154.2
389.02797202797206,555.2657342657343,80.6,325.5,145.5
1161.3525641025642,556.6410256410256,60.6,354.4,174.4
315.35598705501616,559.4336569579287,85.2,328.2,148.2
446.3975535168196,562.1804281345566,87.2,318.4,138.4
521.6944444444445,562.2013888888889,74.0,313.3,133.3
1096.1635514018692,570.4766355140187,99.3,353.4,173.4
772.9155313351498,576.9427792915532,91.3,313.5,133.5
225.95703125,581.23046875,72.9,335.1,155.1
933.1536585365853,583.270731707317,95.2,343.3,163.3
293.948,588.148,70.4,322.4,142.4
707.8323353293413,588.556886227545,79.9,308.5,128.5
590.3496932515337,590.282208588957,83.3,309.1,129.1
191.50446428571428,592.5089285714286,68.7,332.5,152.5
987.3098591549295,597.3403755868544,102.5,348.1,168.1
855.6755319148937,602.4308510638298,93.8,324.5,144.5
518.3152542372882,612.4067796610169,78.3,312.9,132.9
363.1203007518797,616.0187969924812,80.4,316.8,136.8
1041.1915887850466,616.2943925233645,100.1,350.5,170.5
120.84713375796179,625.2929936305733,47.4,334.0,154.0
273.3914728682171,630.8720930232558,71.7,318.2,138.2
658.9969135802469,632.3024691358024,84.5,308.1,128.1
416.5551724137931,637.3758620689655,81.6,318.2,138.2
167.5656108597285,645.8778280542987,63.9,335.1,155.1
232.8695652173913,647.0434782608696,80.7,319.5,139.5
589.2345276872965,648.1400651465798,79.7,310.4,130.4
731.364705882353,655.1794117647058,88.6,309.5,129.5
1165.6713615023475,657.9788732394367,100.3,354.4,174.4
845.0926430517711,658.566757493188,92.9,321.0,141.0
918.8240963855421,660.9397590361446,97.9,338.6,158.6
526.0842105263158,665.9052631578948,78.5,310.6,130.6
1109.9228971962616,667.3481308411215,97.6,352.3,172.3
972.8564593301436,670.3492822966507,99.5,346.1,166.1
330.728624535316,672.2416356877324,75.0,316.0,136.0
474.1575342465753,679.1267123287671,82.6,315.8,135.8
407.79470198675494,680.5860927152318,83.3,308.7,128.7
292.5328185328185,693.6563706563707,72.8,317.1,137.1
1030.4722222222222,694.1805555555555,98.3,350.2,170.2
647.9519230769231,695.1666666666666,83.7,315.8,135.8
193.86238532110093,697.0642201834862,66.0,335.3,155.3
711.535294117647,700.5411764705882,85.9,316.9,136.9
246.49803921568628,706.7333333333333,71.8,316.9,136.9
93.47979797979798,708.3282828282828,61.4,33.0,213.0
597.8927444794953,711.4858044164038,84.9,313.1,133.1
47.27235772357724,723.4268292682926,71.8,10.3,190.3
784.6460674157304,725.8398876404494,91.0,321.2,141.2
532.7796610169491,726.1898305084745,82.6,317.0,137.0
410.6293706293706,729.2587412587412,77.2,315.0,135.0
359.8955823293173,731.574297188755,69.8,310.7,130.7
899.2331730769231,734.3509615384615,103.3,336.9,156.9
311.2890625,750.953125,72.2,307.9,127.9
954.9409190371991,755.039387308534,110.0,346.7,166.7
195.47085201793723,755.2600896860987,64.1,316.9,136.9
668.6123778501628,759.9381107491856,79.5,312.1,132.1
1174.0407673860911,762.0959232613909,94.7,352.6,172.6
1116.1969026548672,764.0951327433628,104.3,352.2,172.2
79.74561403508773,764.5921052631579,64.6,336.8,156.8
154.34920634920636,765.5767195767196,57.5,326.6,146.6
266.9586776859504,769.9297520661157,70.4,305.7,125.7
739.8153409090909,770.5767045454545,90.2,314.0,134.0
1009.7726218097448,776.8793503480279,102.8,351.2,171.2
591.2837837837837,778.0641891891892,84.8,315.4,135.4
1060.7644341801386,779.1247113163972,103.1,351.1,171.1
45.78455284552845,781.8130081300814,70.9,332.0,152.0
422.9628252788104,784.2342007434944,75.6,307.9,127.9
126.66666666666667,785.5844155844156,73.0,320.7,140.7
538.3048327137546,788.6133828996283,76.8,307.2,127.2
475.05,789.6461538461539,71.8,312.2,132.2
376.0074349442379,792.089219330855,76.1,314.0,134.0
835.3969465648855,800.5496183206106,99.7,331.3,151.3
190.07079646017698,808.2168141592921,64.1,316.5,136.5
330.096,809.204,71.0,310.0,130.0
261.26771653543307,810.2086614173228,73.2,308.7,128.7
104.36440677966101,817.2584745762712,66.3,319.3,139.3
912.1493975903614,820.4819277108434,99.7,343.4,163.4
724.7161290322581,820.9548387096775,83.8,319.2,139.2
659.290909090909,832.0872727272728,73.9,316.9,136.9
159.6150442477876,835.3097345132743,63.4,310.1,130.1
533.7211155378486,835.7609561752988,70.6,315.7,135.7
77.74439461883408,836.2645739910314,66.7,322.9,142.9
798.988603988604,836.6410256410256,91.5,331.2,151.2
476.1132075471698,838.9056603773585,78.1,306.3,126.3
609.8517110266159,841.5703422053232,74.0,318.1,138.1
427.1115384615385,841.7692307692307,72.2,308.7,128.7
968.2400881057268,847.4735682819384,107.4,350.3,170.3
382.89473684210526,851.6396761133603,71.0,310.8,130.8
315.8617886178862,852.3211382113822,70.4,302.0,122.0
234.7698113207547,855.7547169811321,71.0,293.9,113.9
1136.0,859.5111111111111,105.2,353.7,173.7
1020.5961995249406,865.605700712589,102.0,354.0,174.0
50.14912280701754,866.0745614035088,67.6,338.9,158.9
1073.7752293577983,866.8211009174312,103.5,354.2,174.2
185.77459016393442,879.6762295081967,66.7,298.6,118.6
124.56862745098039,880.6715686274509,60.9,318.5,138.5
778.7475409836065,880.7377049180328,80.4,334.1,154.1
870.7938144329897,880.8067010309278,96.9,345.8,165.8
287.52589641434264,883.1394422310757,71.1,291.5,111.5
543.8223938223938,885.1737451737451,74.0,319.0,139.0
81.32173913043478,886.2086956521739,67.8,326.1,146.1
487.3114754098361,888.061475409836,67.5,312.1,132.1
662.1458333333334,889.5659722222222,78.5,319.9,139.9
712.2739726027397,890.7808219178082,78.1,324.4,144.4
439.02834008097165,895.0728744939271,70.1,309.1,129.1
381.94074074074075,896.0962962962963,77.0,299.6,119.6
239.12765957446808,899.0127659574468,63.9,296.4,116.4
925.5735294117648,909.2941176470588,99.5,350.4,170.4
335.8138528138528,910.1601731601731,70.2,293.5,113.5
601.6951672862454,916.6951672862454,75.2,319.4,139.4
168.49107142857142,917.1607142857143,65.3,297.8,117.8
831.4183381088825,929.2521489971347,92.3,341.4,161.4
544.6577946768061,930.3536121673004,75.1,312.6,132.6
294.61842105263156,931.5701754385965,64.6,296.1,116.1
61.33624454148472,932.6419213973799,71.3,324.9,144.9
102.39024390243902,937.6878048780488,61.9,316.6,136.6
228.6954732510288,939.5432098765432,71.0,292.7,112.7
500.3550724637681,942.6159420289855,81.5,315.0,135.0
396.7808764940239,943.1155378486055,73.8,306.9,126.9
449.924,945.02,72.0,311.9,131.9
682.5845070422536,950.8028169014085,79.7,321.3,141.3
347.045,959.855,57.7,295.9,115.9
756.7571884984026,961.8690095846646,86.8,337.7,157.7
152.59148936170212,963.1872340425532,73.0,311.6,131.6
884.7932960893854,964.9664804469273,91.0,349.1,169.1
284.41803278688525,972.6352459016393,68.5,289.4,109.4
602.5610687022901,972.8320610687023,75.4,321.6,141.6
212.86238532110093,980.8348623853211,62.6,298.5,118.5
408.1216216216216,985.8783783783783,66.1,307.0,127.0
558.6024590163935,993.2622950819672,68.5,316.8,136.8
512.3976833976834,997.0540540540541,77.2,317.5,137.5
354.8284518828452,998.9497907949791,70.8,298.5,118.5
465.9875518672199,999.7759336099585,70.7,312.7,132.7
658.1892857142857,1012.725,80.6,329.9,149.9
171.88839285714286,1013.40625,63.1,305.6,125.6
269.4581280788177,1014.5714285714286,58.5,301.6,121.6
733.6803797468355,1015.4588607594936,86.0,335.0,155.0
854.9909090909091,1018.9606060606061,85.7,345.4,165.4
227.71219512195123,1029.0536585365853,60.6,302.0,122.0
73.0609756097561,1030.9512195121952,48.2,293.6,113.6
416.22907488986783,1031.5154185022027,66.9,302.8,122.8
127.88118811881188,1032.1089108910892,62.5,298.7,118.7
465.1127450980392,1032.8970588235295,58.4,307.1,127.1
613.4956521739131,1035.5217391304348,66.5,319.3,139.3
798.8201219512196,1035.8048780487804,88.2,337.8,157.8
565.882096069869,1042.3886462882097,67.5,318.7,138.7
521.5650224215246,1046.7399103139014,67.0,308.3,128.3
342.33816425120773,1046.7584541062802,63.2,289.5,109.5
908.0963172804533,1049.1161473087818,92.5,349.2,169.2
292.7238095238095,1055.347619047619,63.4,291.9,111.9
708.7175572519084,1074.9923664122136,74.2,320.5,140.5
385.8812785388128,1077.1963470319636,67.4,296.8,116.8
667.0466101694915,1079.7966101694915,69.5,315.6,135.6
624.5911111111111,1084.1866666666667,65.5,309.8,129.8
337.63235294117646,1089.6666666666667,60.5,293.7,113.7
777.486013986014,1090.3041958041958,77.5,321.4,141.4
581.5504587155963,1092.7981651376147,63.9,306.6,126.6
858.2371428571429,1108.46,92.8,331.0,151.0
393.86528497409324,1116.9274611398964,57.0,297.6,117.6
446.6801801801802,1128.8648648648648,64.3,311.7,131.7
716.9515418502202,1130.9251101321586,66.3,314.4,134.4
918.5814606741573,1132.7443820224719,92.3,340.9,160.9
831.8456375838927,1133.268456375839,81.8,325.7,145.7
762.5134099616859,1135.5900383141764,75.2,319.1,139.1
487.9268292682927,1176.9951219512195,64.3,320.9,140.9
712.9679144385027,1178.9197860962568,59.3,302.9,122.9
762.8755364806867,1182.7768240343348,70.7,313.2,133.2
659.854054054054,1183.4594594594594,57.0,285.1,105.1
814.6385542168674,1186.6787148594378,71.8,319.1,139.1
619.6569767441861,1193.3023255813953,51.1,303.6,123.6
889.5607476635514,1193.5919003115264,89.3,334.5,154.5
530.734693877551,1196.8622448979593,60.0,321.4,141.4
569.4854368932039,1202.7621359223301,60.9,314.2,134.2
511.5966850828729,1222.475138121547,52.2,317.7,137.7
876.8199052132701,1236.260663507109,64.3,320.7,140.7
547.0915032679738,1243.483660130719,44.9,308.0,128.0
