x,y,pct_ref,flood,ebb,max_len_flood,max_len_ebb
1000.0,10.0,67.3,62.6,242.6,18.9,15.5
367.0,65.0,60.8,68.9,248.9,50.0,40.9
422.0,65.0,56.1,84.5,264.5,106.4,130.0
477.0,65.0,50.5,97.8,277.8,33.6,41.1
1082.0,65.0,85.3,353.0,173.0,65.6,53.6
340.0,120.0,58.2,56.1,236.1,152.2,124.5
395.0,120.0,59.2,75.4,255.4,247.8,202.7
450.0,120.0,56.4,89.0,269.0,57.3,70.0
1000.0,120.0,74.6,17.3,197.3,46.4,56.7
1055.0,120.0,77.5,4.1,184.1,210.0,256.4
1165.0,120.0,86.3,352.8,172.8,215.5,256.4
312.0,175.0,57.0,48.6,228.6,256.4,256.4
422.0,175.0,62.1,72.8,252.8,79.1,96.7
532.0,175.0,60.0,86.7,266.7,24.5,30.0
587.0,175.0,58.1,101.8,281.8,17.3,21.1
752.0,175.0,65.0,67.4,247.4,74.4,60.9
807.0,175.0,68.4,68.2,248.2,182.7,171.8
862.0,175.0,66.4,69.0,249.0,64.5,78.9
1027.0,175.0,80.0,1.1,181.1,162.7,198.9
1082.0,175.0,82.9,354.8,174.8,197.3,241.1
1137.0,175.0,86.5,351.8,171.8,119.1,145.6
230.0,230.0,59.5,44.9,224.9,77.3,94.4
285.0,230.0,55.7,40.1,220.1,256.4,256.4
340.0,230.0,61.6,46.5,226.5,63.3,51.8
395.0,230.0,65.8,56.6,236.6,151.8,185.6
450.0,230.0,66.3,69.1,249.1,50.0,40.9
505.0,230.0,66.4,78.4,258.4,66.4,81.1
615.0,230.0,67.9,95.1,275.1,103.3,84.5
670.0,230.0,71.4,81.6,261.6,73.6,90.0
780.0,230.0,69.3,58.0,238.0,156.7,128.2
835.0,230.0,71.7,38.6,218.6,211.8,256.4
890.0,230.0,73.2,7.6,187.6,10.0,12.2
945.0,230.0,77.0,359.6,179.6,53.6,65.6
1000.0,230.0,81.5,356.7,176.7,50.0,61.1
1055.0,230.0,84.6,356.2,176.2,256.4,256.4
1110.0,230.0,87.6,350.7,170.7,220.9,256.4
1165.0,230.0,87.9,351.6,171.6,146.4,178.9
147.0,285.0,66.3,36.8,216.8,88.2,107.8
202.0,285.0,66.8,37.4,217.4,199.1,243.3
257.0,285.0,61.4,36.0,216.0,117.3,143.3
312.0,285.0,62.0,41.5,221.5,256.4,256.4
367.0,285.0,68.2,48.6,228.6,135.5,165.6
422.0,285.0,69.4,57.2,237.2,53.6,65.6
477.0,285.0,72.7,68.2,248.2,256.4,256.4
532.0,285.0,74.3,77.8,257.8,256.4,256.4
587.0,285.0,73.9,82.8,262.8,199.1,243.3
642.0,285.0,72.1,82.8,262.8,256.4,256.4
697.0,285.0,74.6,72.5,252.5,256.4,256.4
752.0,285.0,76.9,54.6,234.6,256.4,256.4
807.0,285.0,76.2,33.7,213.7,256.4,256.4
862.0,285.0,76.7,8.9,188.9,256.4,256.4
917.0,285.0,80.7,356.6,176.6,160.9,196.7
972.0,285.0,85.2,354.7,174.7,122.7,150.0
1027.0,285.0,89.7,352.9,172.9,256.4,256.4
1082.0,285.0,90.0,352.0,172.0,256.4,256.4
1137.0,285.0,91.0,351.1,171.1,256.4,251.8
120.0,340.0,65.9,32.5,212.5,199.1,168.2
175.0,340.0,68.9,32.5,212.5,256.4,256.4
230.0,340.0,72.3,31.7,211.7,224.5,256.4
285.0,340.0,74.4,37.6,217.6,256.4,256.4
340.0,340.0,73.6,42.2,222.2,256.4,256.4
395.0,340.0,74.6,48.3,228.3,256.4,256.4
450.0,340.0,78.0,54.0,234.0,256.4,244.5
505.0,340.0,79.3,62.5,242.5,256.4,251.8
560.0,340.0,76.8,72.1,252.1,256.4,256.4
615.0,340.0,75.2,72.5,252.5,256.4,256.4
670.0,340.0,75.3,70.0,250.0,256.4,256.4
725.0,340.0,77.5,54.2,234.2,256.4,256.4
780.0,340.0,81.3,32.2,212.2,256.4,256.4
835.0,340.0,83.0,6.8,186.8,256.4,256.4
890.0,340.0,86.1,356.2,176.2,213.6,256.4
945.0,340.0,88.8,352.8,172.8,256.4,256.4
1000.0,340.0,93.5,351.3,171.3,256.4,256.4
1055.0,340.0,93.7,350.1,170.1,256.4,256.4
1110.0,340.0,93.6,350.3,170.3,256.4,256.4
1165.0,340.0,94.5,351.0,171.0,225.6,184.5
92.0,395.0,64.4,22.6,202.6,161.1,131.8
147.0,395.0,67.1,23.3,203.3,103.3,84.5
202.0,395.0,72.0,20.9,200.9,256.4,256.4
257.0,395.0,74.7,23.8,203.8,256.4,256.4
312.0,395.0,77.6,29.1,209.1,256.4,256.4
367.0,395.0,76.4,32.8,212.8,256.4,256.4
422.0,395.0,79.4,36.5,216.5,103.3,84.5
477.0,395.0,81.1,46.7,226.7,256.4,256.4
532.0,395.0,78.4,52.4,232.4,256.4,256.4
587.0,395.0,75.5,61.7,241.7,256.4,256.4
642.0,395.0,76.8,55.1,235.1,256.4,235.5
697.0,395.0,79.6,36.0,216.0,24.5,30.0
752.0,395.0,85.3,4.8,184.8,256.4,256.4
807.0,395.0,87.7,357.3,177.3,256.4,256.4
862.0,395.0,90.9,351.6,171.6,256.4,256.4
917.0,395.0,93.3,350.2,170.2,256.4,256.4
972.0,395.0,95.3,350.0,170.0,256.4,256.4
1027.0,395.0,96.5,349.4,169.4,256.4,256.4
1082.0,395.0,96.0,349.7,169.7,256.4,256.4
1137.0,395.0,95.8,350.1,170.1,21.1,17.3
175.0,450.0,71.1,7.0,187.0,256.4,256.4
230.0,450.0,73.9,10.0,190.0,256.4,256.4
285.0,450.0,78.1,11.6,191.6,256.4,256.4
340.0,450.0,78.7,8.7,188.7,256.4,256.4
395.0,450.0,78.7,6.9,186.9,256.4,256.4
450.0,450.0,81.4,14.7,194.7,256.4,256.4
505.0,450.0,79.1,21.3,201.3,256.4,256.4
560.0,450.0,74.6,28.1,208.1,52.2,42.7
615.0,450.0,77.2,10.9,190.9,256.4,256.4
670.0,450.0,82.2,345.4,165.4,256.4,256.4
725.0,450.0,88.6,340.7,160.7,50.0,61.1
780.0,450.0,90.8,342.8,162.8,256.4,256.4
835.0,450.0,93.3,341.5,161.5,256.4,256.4
890.0,450.0,94.6,344.9,164.9,256.4,256.4
945.0,450.0,97.2,347.0,167.0,256.4,256.4
1000.0,450.0,98.0,348.7,168.7,256.4,256.4
1055.0,450.0,96.8,349.5,169.5,256.4,256.4
1110.0,450.0,93.1,349.0,169.0,256.4,256.4
92.0,505.0,63.0,348.0,168.0,127.8,104.5
147.0,505.0,67.6,351.1,171.1,196.7,160.9
202.0,505.0,72.5,351.9,171.9,256.4,256.4
257.0,505.0,79.2,351.7,171.7,256.4,256.4
312.0,505.0,80.6,350.5,170.5,256.4,256.4
367.0,505.0,78.5,347.5,167.5,84.5,103.3
422.0,505.0,79.4,343.9,163.9,164.5,201.1
477.0,505.0,79.8,338.1,158.1,256.4,256.4
587.0,505.0,73.9,332.3,152.3,256.4,256.4
642.0,505.0,79.7,326.9,146.9,256.4,256.4
697.0,505.0,85.4,326.0,146.0,256.4,256.4
752.0,505.0,88.3,329.6,149.6,160.9,196.7
807.0,505.0,92.7,331.2,151.2,256.4,256.4
862.0,505.0,94.3,337.7,157.7,256.4,256.4
917.0,505.0,95.9,342.0,162.0,256.4,256.4
972.0,505.0,97.0,345.2,165.2,256.4,256.4
1027.0,505.0,96.8,347.3,167.3,256.4,256.4
1082.0,505.0,93.8,347.8,167.8,256.4,256.4
1137.0,505.0,87.1,347.7,167.7,254.4,208.2
120.0,560.0,62.0,340.1,160.1,256.4,256.4
175.0,560.0,69.5,340.7,160.7,256.4,256.4
230.0,560.0,74.8,339.4,159.4,256.4,256.4
285.0,560.0,77.8,333.3,153.3,256.4,256.4
340.0,560.0,80.2,332.1,152.1,256.4,256.4
395.0,560.0,80.9,329.3,149.3,256.4,256.4
450.0,560.0,82.1,325.5,145.5,219.1,256.4
505.0,560.0,78.2,320.6,140.6,256.4,256.4
560.0,560.0,78.5,319.2,139.2,75.5,92.2
615.0,560.0,79.7,317.4,137.4,177.3,216.7
670.0,560.0,79.2,317.6,137.6,256.4,256.4
725.0,560.0,77.9,317.2,137.2,256.4,256.4
780.0,560.0,88.6,321.2,141.2,256.4,256.4
835.0,560.0,91.7,329.8,149.8,256.4,256.4
890.0,560.0,94.5,336.2,156.2,256.4,256.4
945.0,560.0,96.0,342.2,162.2,256.4,256.4
1000.0,560.0,97.3,346.3,166.3,256.4,256.4
1055.0,560.0,93.4,347.3,167.3,256.4,256.4
1110.0,560.0,82.4,347.0,167.0,256.4,256.4
147.0,615.0,63.5,335.5,155.5,31.8,38.9
202.0,615.0,72.0,332.3,152.3,256.4,256.4
257.0,615.0,74.8,326.5,146.5,256.4,256.4
312.0,615.0,75.9,324.1,144.1,256.4,256.4
367.0,615.0,80.0,321.3,141.3,256.4,256.4
422.0,615.0,81.9,319.7,139.7,256.4,256.4
477.0,615.0,80.6,317.4,137.4,256.4,256.4
532.0,615.0,79.5,315.1,135.1,256.4,256.4
587.0,615.0,82.0,313.1,133.1,256.4,256.4
642.0,615.0,81.7,312.7,132.7,256.4,256.4
697.0,615.0,68.7,312.5,132.5,256.4,256.4
752.0,615.0,71.2,314.5,134.5,256.4,256.4
807.0,615.0,82.9,322.9,142.9,256.4,256.4
862.0,615.0,84.9,328.6,148.6,256.4,256.4
917.0,615.0,92.4,338.9,158.9,256.4,256.4
972.0,615.0,97.0,344.6,164.6,256.4,256.4
1027.0,615.0,96.4,347.8,167.8,256.4,256.4
1082.0,615.0,86.6,347.6,167.6,256.4,256.4
1137.0,615.0,49.5,177.6,357.6,256.4,256.4
175.0,670.0,68.4,331.3,151.3,256.4,256.4
230.0,670.0,73.6,323.7,143.7,256.4,256.4
285.0,670.0,74.6,319.7,139.7,256.4,256.4
340.0,670.0,76.9,317.2,137.2,256.4,256.4
395.0,670.0,80.8,315.0,135.0,256.4,256.4
450.0,670.0,81.7,314.8,134.8,256.4,256.4
505.0,670.0,80.9,313.7,133.7,256.4,256.4
560.0,670.0,81.1,312.6,132.6,256.4,256.4
615.0,670.0,82.2,312.9,132.9,256.4,256.4
670.0,670.0,82.7,314.0,134.0,256.4,256.4
725.0,670.0,83.6,314.6,134.6,256.4,256.4
780.0,670.0,81.6,319.6,139.6,256.4,256.4
835.0,670.0,64.7,324.2,144.2,256.4,256.4
890.0,670.0,73.8,339.4,159.4,256.4,256.4
945.0,670.0,93.9,341.8,161.8,256.4,256.4
1000.0,670.0,95.7,346.4,166.4,256.4,256.4
1055.0,670.0,91.6,348.1,168.1,256.4,256.4
1110.0,670.0,61.7,335.4,155.4,256.4,256.4
37.0,725.0,68.8,351.2,171.2,111.8,136.7
92.0,725.0,66.3,350.4,170.4,79.1,96.7
202.0,725.0,68.9,323.2,143.2,256.4,256.4
257.0,725.0,72.6,316.8,136.8,256.4,256.4
312.0,725.0,74.3,313.4,133.4,256.4,256.4
367.0,725.0,75.9,312.7,132.7,256.4,256.4
422.0,725.0,78.9,312.9,132.9,256.4,256.4
477.0,725.0,80.2,313.1,133.1,256.4,256.4
532.0,725.0,81.4,313.8,133.8,256.4,256.4
587.0,725.0,82.4,313.6,133.6,256.4,256.4
642.0,725.0,82.3,314.4,134.4,256.4,256.4
697.0,725.0,84.3,315.8,135.8,256.4,256.4
752.0,725.0,86.7,319.1,139.1,256.4,256.4
807.0,725.0,85.5,323.7,143.7,256.4,256.4
862.0,725.0,81.5,334.5,154.5,256.4,256.4
917.0,725.0,94.3,339.6,159.6,256.4,256.4
972.0,725.0,97.7,345.4,165.4,256.4,256.4
1027.0,725.0,95.7,348.5,168.5,256.4,256.4
1082.0,725.0,85.0,349.5,169.5,256.4,256.4
1137.0,725.0,51.9,348.8,168.8,256.4,256.4
65.0,780.0,68.8,332.9,152.9,164.5,201.1
120.0,780.0,68.0,325.0,145.0,206.4,252.2
175.0,780.0,66.7,319.5,139.5,110.0,134.4
230.0,780.0,70.3,313.3,133.3,131.8,161.1
285.0,780.0,72.7,309.6,129.6,256.4,256.4
340.0,780.0,74.4,310.2,130.2,256.4,256.4
395.0,780.0,76.7,310.5,130.5,256.4,256.4
450.0,780.0,77.4,310.6,130.6,256.4,256.4
505.0,780.0,78.6,311.6,131.6,256.4,256.4
560.0,780.0,81.1,312.8,132.8,256.4,256.4
615.0,780.0,82.0,315.2,135.2,256.4,256.4
670.0,780.0,82.1,315.9,135.9,256.4,256.4
725.0,780.0,85.9,318.4,138.4,256.4,256.4
780.0,780.0,88.1,323.7,143.7,256.4,256.4
835.0,780.0,91.7,331.6,151.6,256.4,256.4
890.0,780.0,91.7,338.6,158.6,256.4,256.4
945.0,780.0,97.8,345.2,165.2,256.4,256.4
1000.0,780.0,97.9,348.5,168.5,256.4,256.4
1055.0,780.0,97.0,350.3,170.3,256.4,256.4
1110.0,780.0,83.3,350.5,170.5,256.4,256.4
1165.0,780.0,42.1,351.4,171.4,256.4,256.4
92.0,835.0,68.0,322.6,142.6,256.4,256.4
147.0,835.0,67.5,315.8,135.8,256.4,256.4
202.0,835.0,68.5,310.0,130.0,256.4,256.4
257.0,835.0,71.4,305.1,125.1,256.4,256.4
312.0,835.0,72.7,305.7,125.7,256.4,256.4
367.0,835.0,74.0,307.9,127.9,256.4,256.4
422.0,835.0,75.5,308.8,128.8,256.4,256.4
477.0,835.0,76.6,310.1,130.1,256.4,256.4
532.0,835.0,76.8,313.2,133.2,256.4,256.4
587.0,835.0,78.2,316.0,136.0,256.4,256.4
642.0,835.0,79.6,317.8,137.8,256.4,256.4
697.0,835.0,82.1,320.1,140.1,256.4,256.4
752.0,835.0,85.4,324.6,144.6,256.4,256.4
807.0,835.0,90.2,331.9,151.9,256.4,256.4
862.0,835.0,90.6,338.2,158.2,256.4,256.4
917.0,835.0,83.9,344.6,164.6,256.4,256.4
972.0,835.0,96.3,348.3,168.3,256.4,256.4
1027.0,835.0,95.6,350.7,170.7,192.2,157.3
1082.0,835.0,96.2,351.5,171.5,256.4,256.4
1137.0,835.0,84.5,349.9,169.9,256.4,256.4
65.0,890.0,68.9,325.5,145.5,86.4,105.6
120.0,890.0,67.0,318.5,138.5,256.4,256.4
175.0,890.0,67.9,310.2,130.2,256.4,256.4
230.0,890.0,69.3,301.1,121.1,256.4,256.4
285.0,890.0,70.5,299.7,119.7,256.4,256.4
340.0,890.0,72.0,301.1,121.1,256.4,256.4
395.0,890.0,73.8,305.4,125.4,256.4,256.4
450.0,890.0,73.7,309.0,129.0,256.4,256.4
505.0,890.0,74.7,312.4,132.4,256.4,256.4
560.0,890.0,76.3,315.7,135.7,256.4,256.4
615.0,890.0,77.8,318.2,138.2,256.4,256.4
670.0,890.0,80.5,320.9,140.9,256.4,256.4
725.0,890.0,82.4,325.2,145.2,256.4,256.4
780.0,890.0,85.5,332.1,152.1,256.4,256.4
835.0,890.0,91.1,338.7,158.7,256.4,256.4
890.0,890.0,93.4,344.4,164.4,256.4,256.4
945.0,890.0,94.9,347.6,167.6,256.4,256.4
1000.0,890.0,95.7,350.3,170.3,256.4,256.4
1055.0,890.0,97.1,351.5,171.5,256.4,256.4
1110.0,890.0,94.1,350.4,170.4,256.4,256.4
1165.0,890.0,87.9,345.2,165.2,256.4,222.7
92.0,945.0,67.4,317.6,137.6,120.9,147.8
147.0,945.0,68.2,312.3,132.3,256.4,256.4
202.0,945.0,68.6,301.5,121.5,256.4,256.4
257.0,945.0,69.0,298.0,118.0,256.4,256.4
312.0,945.0,68.5,298.2,118.2,256.4,256.4
367.0,945.0,70.4,301.9,121.9,256.4,256.4
422.0,945.0,73.1,307.2,127.2,256.4,256.4
477.0,945.0,75.0,311.3,131.3,256.4,256.4
532.0,945.0,76.2,313.9,133.9,256.4,256.4
587.0,945.0,75.9,317.7,137.7,256.4,256.4
642.0,945.0,78.0,320.2,140.2,256.4,256.4
697.0,945.0,81.1,323.9,143.9,256.4,256.4
752.0,945.0,85.1,331.5,151.5,256.4,256.4
807.0,945.0,88.9,337.4,157.4,256.4,256.4
862.0,945.0,91.8,343.0,163.0,256.4,256.4
917.0,945.0,94.1,347.1,167.1,256.4,256.4
972.0,945.0,96.1,350.2,170.2,256.4,250.0
1027.0,945.0,95.9,348.1,168.1,132.2,108.2
1082.0,945.0,90.6,348.7,168.7,147.8,120.9
1137.0,945.0,89.6,345.3,165.3,256.4,256.4
65.0,1000.0,60.5,304.7,124.7,52.2,42.7
120.0,1000.0,65.1,305.2,125.2,50.0,40.9
175.0,1000.0,66.6,304.1,124.1,256.4,256.4
230.0,1000.0,65.6,300.5,120.5,256.4,256.4
285.0,1000.0,66.6,297.8,117.8,256.4,256.4
340.0,1000.0,68.2,299.0,119.0,256.4,256.4
395.0,1000.0,69.4,303.8,123.8,256.4,256.4
450.0,1000.0,70.3,308.5,128.5,256.4,256.4
505.0,1000.0,72.9,312.5,132.5,256.4,256.4
560.0,1000.0,72.3,315.4,135.4,256.4,256.4
615.0,1000.0,74.1,319.2,139.2,256.4,256.4
670.0,1000.0,78.5,323.4,143.4,256.4,256.4
725.0,1000.0,82.8,328.7,148.7,256.4,256.4
780.0,1000.0,85.4,333.1,153.1,256.4,256.4
835.0,1000.0,87.8,339.9,159.9,256.4,256.4
890.0,1000.0,90.4,344.4,164.4,256.4,256.4
945.0,1000.0,93.2,349.1,169.1,256.4,256.4
1000.0,1000.0,96.6,341.7,161.7,50.0,40.9
1110.0,1000.0,92.5,311.5,131.5,162.7,198.9
1165.0,1000.0,86.5,313.2,133.2,94.4,77.3
147.0,1055.0,64.3,301.3,121.3,94.4,77.3
202.0,1055.0,65.0,301.1,121.1,110.0,90.0
257.0,1055.0,64.9,298.3,118.3,256.4,256.4
312.0,1055.0,65.2,295.6,115.6,256.4,256.4
367.0,1055.0,66.5,297.9,117.9,256.4,230.0
422.0,1055.0,67.8,304.0,124.0,183.3,150.0
477.0,1055.0,67.9,308.7,128.7,256.4,256.4
532.0,1055.0,69.5,312.3,132.3,256.4,256.4
587.0,1055.0,69.5,315.2,135.2,256.4,256.4
642.0,1055.0,71.6,317.3,137.3,256.4,256.4
697.0,1055.0,76.2,321.2,141.2,256.4,256.4
752.0,1055.0,80.4,326.2,146.2,256.4,256.4
807.0,1055.0,85.0,332.4,152.4,256.4,256.4
862.0,1055.0,87.9,338.5,158.5,256.4,256.4
917.0,1055.0,90.4,345.6,165.6,83.3,68.2
972.0,1055.0,88.8,11.8,191.8,256.4,256.4
1137.0,1055.0,78.3,278.2,98.2,97.3,108.2
175.0,1110.0,64.3,300.1,120.1,43.3,35.5
230.0,1110.0,64.9,298.3,118.3,12.2,10.0
285.0,1110.0,64.8,297.2,117.2,16.7,13.6
395.0,1110.0,64.5,301.0,121.0,256.4,256.4
450.0,1110.0,65.5,308.0,128.0,256.4,256.4
560.0,1110.0,66.7,310.9,130.9,181.1,148.2
615.0,1110.0,67.4,312.0,132.0,143.3,117.3
670.0,1110.0,70.8,315.2,135.2,256.4,256.4
725.0,1110.0,73.3,318.3,138.3,256.4,256.4
780.0,1110.0,78.0,322.8,142.8,256.4,256.4
835.0,1110.0,85.3,329.3,149.3,256.4,256.4
890.0,1110.0,89.2,335.9,155.9,256.4,256.4
945.0,1110.0,89.3,348.0,168.0,17.3,21.1
1110.0,1110.0,61.2,269.2,89.2,68.2,83.3
1165.0,1110.0,49.5,212.9,32.9,125.6,102.7
477.0,1165.0,64.1,314.4,134.4,256.4,256.4
587.0,1165.0,62.2,310.8,130.8,179.1,208.2
642.0,1165.0,62.1,303.7,123.7,15.5,18.9
752.0,1165.0,72.4,316.0,136.0,243.3,199.1
807.0,1165.0,77.8,322.5,142.5,241.1,197.3
862.0,1165.0,83.9,329.9,149.9,256.4,256.4
917.0,1165.0,87.1,337.0,157.0,256.4,256.4
972.0,1165.0,88.1,346.6,166.6,256.4,256.4
1027.0,1165.0,90.5,0.8,180.8,40.9,50.0
1137.0,1165.0,43.3,203.0,23.0,256.4,256.4
10.0,1220.0,55.7,295.4,115.4,15.5,18.9
65.0,1220.0,58.5,298.1,118.1,22.7,27.8
175.0,1220.0,61.3,298.0,118.0,56.7,46.4
230.0,1220.0,63.2,298.2,118.2,24.5,30.0
285.0,1220.0,63.5,300.7,120.7,61.1,50.0
340.0,1220.0,62.2,303.8,123.8,56.7,46.4
395.0,1220.0,62.1,307.5,127.5,40.9,33.6
560.0,1220.0,57.3,312.8,132.8,136.7,111.8
615.0,1220.0,58.5,307.5,127.5,98.9,80.9
670.0,1220.0,62.9,304.1,124.1,52.2,42.7
780.0,1220.0,73.5,317.9,137.9,30.0,24.5
835.0,1220.0,76.6,324.3,144.3,70.0,57.3
890.0,1220.0,79.6,329.8,149.8,227.8,186.4
945.0,1220.0,80.7,334.9,154.9,216.7,177.3
1000.0,1220.0,76.8,338.9,158.9,210.0,171.8
1055.0,1220.0,81.5,342.9,162.9,39.1,47.8
1110.0,1220.0,85.6,346.2,166.2,86.4,105.6
1165.0,1220.0,71.9,333.1,153.1,152.2,124.5
312.0,1275.0,61.0,304.7,124.7,64.5,78.9
367.0,1275.0,60.4,307.7,127.7,59.1,72.2
972.0,1275.0,71.4,336.3,156.3,81.1,66.4
1027.0,1275.0,69.2,338.7,158.7,81.1,66.4
1082.0,1275.0,80.1,344.3,164.3,76.7,62.7
1137.0,1275.0,80.0,343.3,163.3,78.9,64.5
