x,y,pct_ref,flood_bearing,ebb_bearing,depth_m
993.54,12.45,80.4,137.8,317.8,11.7
1072.5,12.45,518.6,179.8,359.8,17.6
1151.45,12.45,315.6,178.2,358.2,21.7
1026.44,18.68,351.3,118.1,298.1,17.0
1105.39,18.68,427.4,179.2,359.2,20.9
1184.35,18.68,204.1,175.9,355.9,25.0
1059.33,24.9,527.2,179.8,359.8,17.5
1138.29,24.9,304.2,178.0,358.0,24.1
1013.27,31.12,295.3,153.8,333.8,13.2
1092.23,31.12,463.3,179.5,359.5,19.8
1171.2,31.12,224.4,176.4,356.4,24.9
1046.18,37.34,545.2,168.6,348.6,17.5
1125.14,37.34,331.2,178.3,358.3,24.8
1000.12,43.57,434.9,172.4,352.4,7.0
1079.08,43.57,502.5,179.7,359.7,17.9
1158.03,43.57,247.0,177.0,357.0,24.9
1033.02,49.79,511.7,166.2,346.2,16.4
1111.97,49.79,358.1,178.6,358.6,24.4
1190.93,49.79,182.0,175.1,355.1,25.0
1065.91,56.02,517.1,179.8,359.8,17.5
1144.87,56.02,271.5,177.5,357.5,25.0
1019.86,62.24,592.2,167.5,347.5,11.3
1098.81,62.24,402.9,179.1,359.1,22.0
1177.77,62.24,199.3,175.7,355.7,25.0
1046.18,68.47,533.8,174.4,354.4,17.4
1125.14,68.47,314.1,178.1,358.1,25.0
993.54,74.7,605.4,159.6,339.6,6.3
1072.5,74.7,506.9,179.7,359.7,17.6
1151.45,74.7,246.9,177.0,357.0,25.0
1006.7,80.92,572.0,160.7,340.7,8.9
1085.66,80.92,477.2,179.6,359.6,18.5
1164.61,80.92,216.4,176.2,356.2,25.0
1013.27,87.13,531.3,162.0,342.0,11.6
1092.23,87.13,445.7,179.4,359.4,19.7
1171.2,87.13,201.6,175.8,355.8,25.0
960.64,93.36,180.6,121.8,301.8,5.3
1039.6,93.36,524.1,169.7,349.7,17.2
1118.56,93.36,317.4,178.2,358.2,24.7
1197.51,93.36,160.4,174.1,354.1,25.0
414.52,99.59,0.0,140.2,320.2,2.5
960.64,99.59,183.6,131.1,311.1,6.2
1039.6,99.59,510.5,171.9,351.9,17.4
1118.56,99.59,314.0,178.1,358.1,24.7
1197.51,99.59,158.8,174.0,354.0,25.0
407.94,105.81,0.0,135.0,315.0,2.5
927.75,105.81,65.9,108.1,288.1,6.8
1006.7,105.81,367.1,165.2,345.2,14.6
1085.66,105.81,476.3,179.6,359.6,18.2
1164.61,105.81,206.4,175.9,355.9,25.0
454.0,112.04,0.0,315.0,135.0,2.5
967.21,112.04,206.6,140.7,320.7,8.7
1046.18,112.04,524.0,179.9,359.9,17.5
1125.14,112.04,290.7,177.8,357.8,24.9
414.52,118.26,0.0,136.5,316.5,2.5
914.58,118.26,51.6,135.4,315.4,6.9
993.54,118.26,267.1,164.2,344.2,13.0
1072.5,118.26,498.8,179.7,359.7,17.5
1151.45,118.26,226.9,176.5,356.5,25.0
440.84,124.49,0.1,36.9,216.9,2.5
901.42,124.49,49.5,159.7,339.7,6.4
980.38,124.49,202.1,158.6,338.6,11.7
1059.33,124.49,510.4,179.7,359.7,17.5
1138.29,124.49,252.7,177.1,357.1,25.0
421.1,130.72,0.1,106.2,286.2,2.5
796.15,130.72,12.9,101.5,281.5,3.2
908.0,130.72,61.7,154.8,334.8,6.9
986.96,130.72,200.3,168.8,348.8,12.7
1065.91,130.72,503.0,179.7,359.7,17.5
1144.87,130.72,235.2,176.7,356.7,25.0
421.1,136.93,0.1,104.6,284.6,2.5
796.15,136.93,12.9,103.6,283.6,3.6
901.42,136.93,91.0,144.3,324.3,6.1
980.38,136.93,164.5,169.1,349.1,12.4
1059.33,136.93,508.0,179.7,359.7,17.5
1138.29,136.93,246.7,177.0,357.0,25.0
414.52,143.15,0.2,117.5,297.5,2.5
763.24,143.15,7.5,117.7,297.7,3.4
842.21,143.15,17.0,89.9,269.9,6.2
921.17,143.15,68.5,150.6,330.6,8.4
1000.12,143.15,199.0,190.9,10.9,14.4
1079.08,143.15,485.4,179.6,359.6,17.6
1158.03,143.15,203.8,175.9,355.9,25.0
434.26,149.38,0.2,85.1,265.1,2.5
769.82,149.38,9.2,114.8,294.8,4.2
848.78,149.38,21.6,93.0,273.0,6.5
927.75,149.38,70.3,155.6,335.6,9.8
1006.7,149.38,193.9,202.0,22.0,15.4
1085.66,149.38,224.9,179.0,359.0,17.8
1164.61,149.38,132.0,173.3,353.3,25.0
414.52,155.61,0.2,117.0,297.0,2.5
532.96,155.61,0.2,78.8,258.8,4.8
763.24,155.61,8.9,120.9,300.9,4.9
842.21,155.61,19.1,102.5,282.5,7.1
921.17,155.61,66.6,155.6,335.6,8.7
1000.12,155.61,159.0,201.6,21.6,14.1
1079.08,155.61,33.2,348.0,168.0,17.6
1158.03,155.61,71.4,168.2,348.2,25.0
407.94,161.83,0.3,123.6,303.6,2.5
513.22,161.83,0.3,137.8,317.8,7.3
743.51,161.83,8.7,125.3,305.3,4.9
822.47,161.83,15.3,113.6,293.6,7.3
901.42,161.83,76.6,136.4,316.4,4.5
980.38,161.83,113.2,189.6,9.6,12.5
1059.33,161.83,83.5,319.2,139.2,17.5
1138.29,161.83,60.7,168.2,348.2,25.0
388.21,168.06,0.3,131.6,311.6,2.5
467.16,168.06,0.4,79.2,259.2,5.6
546.12,168.06,0.3,37.7,217.7,3.4
776.41,168.06,10.5,119.5,299.5,6.7
855.36,168.06,25.2,113.6,293.6,7.2
934.32,168.06,68.0,166.8,346.8,11.5
1013.27,168.06,131.5,221.8,41.8,16.1
1092.23,168.06,9.7,300.4,120.4,18.2
1171.2,168.06,77.3,168.5,348.5,25.0
394.78,174.28,0.3,134.4,314.4,2.5
473.75,174.28,0.5,88.5,268.5,6.8
552.7,174.28,0.5,24.0,204.0,3.4
782.99,174.28,11.2,121.1,301.1,7.2
861.94,174.28,27.8,120.6,300.6,7.1
940.9,174.28,68.0,172.1,352.1,12.1
1019.86,174.28,111.1,231.4,51.4,16.8
1098.81,174.28,10.1,209.2,29.2,19.1
1177.77,174.28,80.0,168.6,348.6,25.0
401.36,180.51,0.3,133.3,313.3,2.6
480.32,180.51,0.5,92.5,272.5,7.4
697.45,180.51,7.1,131.6,311.6,3.5
776.41,180.51,10.7,124.5,304.5,7.4
855.36,180.51,23.8,124.6,304.6,7.4
934.32,180.51,63.3,170.4,350.4,11.3
1013.27,180.51,96.1,226.4,46.4,15.8
1092.23,180.51,12.7,265.6,85.6,18.0
1171.2,180.51,78.2,168.8,348.8,25.0
394.78,186.73,0.4,142.0,322.0,2.6
473.75,186.73,0.5,99.4,279.4,7.3
552.7,186.73,0.9,24.7,204.7,4.6
763.24,186.73,9.8,129.1,309.1,7.4
842.21,186.73,19.8,128.4,308.4,7.5
921.17,186.73,60.4,161.8,341.8,8.6
1000.12,186.73,85.2,219.1,39.1,13.5
1079.08,186.73,24.9,278.7,98.7,17.5
1158.03,186.73,73.7,169.1,349.1,25.0
381.63,192.95,0.4,160.8,340.8,2.5
460.58,192.95,0.5,108.5,288.5,7.0
539.54,192.95,0.9,55.2,235.2,5.6
717.19,192.95,10.0,130.3,310.3,4.6
796.15,192.95,12.4,129.2,309.2,7.3
875.11,192.95,28.9,137.3,317.3,7.0
954.06,192.95,60.3,185.5,5.5,12.4
1033.02,192.95,62.2,244.5,64.5,17.4
1111.97,192.95,42.1,173.4,353.4,21.9
1190.93,192.95,84.7,168.9,348.9,25.0
440.84,199.17,0.5,119.2,299.2,6.7
519.79,199.17,0.8,77.9,257.9,7.3
677.72,199.17,5.1,112.7,292.7,5.1
756.67,199.17,9.6,134.5,314.5,7.5
835.63,199.17,17.8,136.1,316.1,7.9
914.58,199.17,49.2,158.2,338.2,8.4
993.54,199.17,67.1,218.2,38.2,12.8
1072.5,199.17,27.4,261.6,81.6,17.5
1151.45,199.17,72.1,169.5,349.5,25.0
401.36,205.4,0.5,140.8,320.8,3.6
480.32,205.4,0.6,103.2,283.2,7.5
559.27,205.4,1.4,75.4,255.4,7.0
704.03,205.4,8.0,124.8,304.8,5.8
782.99,205.4,11.7,134.4,314.4,7.1
861.94,205.4,23.0,140.2,320.2,7.4
940.9,205.4,48.7,178.6,358.6,11.9
1019.86,205.4,53.9,232.1,52.1,16.4
1098.81,205.4,19.1,205.7,25.7,18.5
1177.77,205.4,81.9,169.2,349.2,25.0
427.69,211.62,0.6,128.1,308.1,6.8
506.64,211.62,0.8,92.1,272.1,7.5
585.6,211.62,1.7,55.8,235.8,7.5
723.77,211.62,8.7,132.4,312.4,6.8
802.73,211.62,12.6,137.9,317.9,7.5
881.69,211.62,25.8,149.3,329.3,7.6
960.64,211.62,48.0,195.3,15.3,12.5
1039.6,211.62,40.4,240.4,60.4,17.5
1118.56,211.62,57.8,170.8,350.8,23.0
1197.51,211.62,86.9,169.2,349.2,25.0
368.46,217.85,0.7,168.6,348.6,2.6
447.42,217.85,0.6,121.0,301.0,7.5
526.38,217.85,1.0,85.6,265.6,7.5
605.33,217.85,2.1,45.0,225.0,7.5
717.19,217.85,7.9,130.9,310.9,7.0
796.15,217.85,12.2,137.7,317.7,7.4
875.11,217.85,23.1,149.5,329.5,7.6
954.06,217.85,42.6,191.9,11.9,12.5
1033.02,217.85,38.8,234.3,54.3,17.4
1111.97,217.85,42.6,174.3,354.3,21.2
1190.93,217.85,85.7,169.3,349.3,25.0
440.84,224.08,0.6,125.1,305.1,7.5
519.79,224.08,1.0,92.0,272.0,7.5
598.75,224.08,2.3,69.3,249.3,7.5
704.03,224.08,6.8,128.9,308.9,7.3
782.99,224.08,11.0,137.8,317.8,7.8
861.94,224.08,19.4,146.4,326.4,7.8
940.9,224.08,36.3,183.9,3.9,12.4
1019.86,224.08,39.3,230.1,50.1,16.2
1098.81,224.08,21.8,199.4,19.4,18.2
1177.77,224.08,82.8,169.4,349.4,25.0
414.52,230.3,0.6,136.4,316.4,7.1
493.48,230.3,0.9,105.8,285.8,7.5
572.44,230.3,1.8,81.7,261.7,7.5
651.39,230.3,6.1,127.3,307.3,7.4
730.35,230.3,7.6,136.8,316.8,8.4
809.3,230.3,11.6,141.8,321.8,10.4
888.26,230.3,22.2,158.4,338.4,10.1
967.21,230.3,38.0,205.3,25.3,12.5
1046.18,230.3,29.4,231.9,51.9,17.5
1125.14,230.3,63.9,170.3,350.3,23.9
355.3,236.53,0.8,132.4,312.4,2.5
434.26,236.53,0.7,129.8,309.8,7.5
513.22,236.53,1.0,101.0,281.0,7.5
592.18,236.53,2.4,82.6,262.6,7.6
671.14,236.53,5.9,127.9,307.9,7.2
750.09,236.53,8.0,139.2,319.2,9.8
829.05,236.53,12.3,146.3,326.3,11.9
908.0,236.53,24.2,169.1,349.1,12.2
986.96,236.53,37.3,221.0,41.0,12.5
1065.91,236.53,23.4,225.6,45.6,17.5
1144.87,236.53,73.0,170.0,350.0,25.0
368.46,242.75,0.8,135.5,315.5,2.8
447.42,242.75,0.7,126.3,306.3,7.5
526.38,242.75,1.2,99.8,279.8,7.5
605.33,242.75,3.0,89.7,269.7,7.7
684.29,242.75,6.1,129.5,309.5,7.3
763.24,242.75,8.1,139.9,319.9,11.0
842.21,242.75,12.9,147.9,327.9,11.2
921.17,242.75,24.9,179.0,359.0,12.5
1000.12,242.75,34.6,230.4,50.4,13.0
1079.08,242.75,21.3,214.3,34.3,17.5
1158.03,242.75,78.1,169.7,349.7,25.0
368.46,248.97,0.8,136.4,316.4,2.9
447.42,248.97,0.8,127.6,307.6,7.5
526.38,248.97,1.2,102.9,282.9,7.5
605.33,248.97,2.9,96.4,276.4,8.0
684.29,248.97,5.9,129.8,309.8,7.7
763.24,248.97,7.8,140.5,320.5,11.6
842.21,248.97,12.7,149.3,329.3,11.1
921.17,248.97,23.3,181.6,1.6,12.5
1000.12,248.97,31.9,231.1,51.1,13.0
1079.08,248.97,21.3,210.1,30.1,17.5
1158.03,248.97,78.5,169.8,349.8,25.0
368.46,255.19,0.8,137.7,317.7,3.1
447.42,255.19,0.8,128.8,308.8,7.5
526.38,255.19,1.3,106.0,286.0,7.5
605.33,255.19,2.8,101.9,281.9,8.6
684.29,255.19,5.6,129.5,309.5,8.5
763.24,255.19,7.5,141.8,321.8,12.1
842.21,255.19,12.6,151.3,331.3,10.6
921.17,255.19,21.9,184.0,4.0,12.5
1000.12,255.19,29.5,231.7,51.7,12.9
1079.08,255.19,21.4,206.4,26.4,17.5
1158.03,255.19,78.8,169.8,349.8,25.0
368.46,261.42,0.8,139.0,319.0,3.5
447.42,261.42,0.8,130.0,310.0,7.5
526.38,261.42,1.3,109.0,289.0,7.4
605.33,261.42,2.8,106.2,286.2,9.4
684.29,261.42,5.3,129.1,309.1,9.6
763.24,261.42,7.3,143.4,323.4,12.3
842.21,261.42,12.7,153.7,333.7,9.8
921.17,261.42,20.6,186.4,6.4,12.5
1000.12,261.42,27.4,232.4,52.4,12.9
1079.08,261.42,21.5,203.1,23.1,17.5
1158.03,261.42,79.2,169.9,349.9,25.0
322.4,267.64,1.0,107.3,287.3,2.5
401.36,267.64,0.8,142.5,322.5,7.4
480.32,267.64,1.0,123.2,303.2,7.5
559.27,267.64,1.7,108.1,288.1,8.7
638.24,267.64,3.7,118.4,298.4,10.7
717.19,267.64,5.8,136.6,316.6,12.0
796.15,267.64,9.4,148.3,328.3,10.5
875.11,267.64,15.2,172.2,352.2,10.0
954.06,267.64,22.9,206.2,26.2,12.5
1033.02,267.64,22.1,216.1,36.1,17.2
1111.97,267.64,40.1,173.9,353.9,19.8
1190.93,267.64,87.2,169.9,349.9,25.0
355.3,273.87,0.8,137.6,317.6,3.0
434.26,273.87,0.9,135.6,315.6,7.5
513.22,273.87,1.3,118.1,298.1,7.1
592.18,273.87,2.3,111.4,291.4,11.0
671.14,273.87,4.3,127.0,307.0,11.5
750.09,273.87,6.4,144.6,324.6,12.5
829.05,273.87,11.2,159.0,339.0,11.4
908.0,273.87,17.2,184.5,4.5,12.5
986.96,273.87,23.6,226.6,46.6,12.5
1065.91,273.87,21.2,203.1,23.1,17.5
1144.87,273.87,75.6,170.1,350.1,24.9
309.24,280.09,0.6,121.6,301.6,2.5
388.21,280.09,0.8,144.2,324.2,7.1
467.16,280.09,1.0,129.4,309.4,7.5
546.12,280.09,1.6,116.5,296.5,8.9
625.08,280.09,3.0,118.6,298.6,12.0
704.03,280.09,5.1,135.7,315.7,12.2
782.99,280.09,7.7,151.7,331.7,11.6
861.94,280.09,14.6,170.0,350.0,6.3
940.9,280.09,19.1,202.1,22.1,12.5
1019.86,280.09,20.0,224.4,44.4,15.5
1098.81,280.09,25.4,184.8,4.8,17.7
1177.77,280.09,84.9,170.1,350.1,25.0
342.15,286.32,0.8,135.4,315.4,2.7
421.1,286.32,0.9,140.0,320.0,7.5
500.06,286.32,1.2,125.5,305.5,7.5
579.02,286.32,2.0,117.5,297.5,11.9
657.97,286.32,3.7,127.3,307.3,12.3
736.93,286.32,5.8,145.3,325.3,12.5
815.88,286.32,9.5,161.6,341.6,12.2
894.84,286.32,14.8,182.3,2.3,12.4
973.8,286.32,20.1,221.1,41.1,12.5
1052.75,286.32,20.3,202.5,22.5,17.5
1131.72,286.32,71.8,169.8,349.8,24.0
289.51,292.55,0.5,147.0,327.0,2.5
368.46,292.55,0.8,145.3,325.3,5.9
447.42,292.55,0.9,135.9,315.9,7.5
526.38,292.55,1.5,123.7,303.7,9.0
605.33,292.55,2.5,121.0,301.0,12.4
684.29,292.55,4.3,134.6,314.6,12.5
763.24,292.55,6.4,152.8,332.8,12.5
842.21,292.55,11.2,171.5,351.5,7.4
921.17,292.55,15.7,195.6,15.6,12.5
1000.12,292.55,19.6,235.5,55.5,12.8
1079.08,292.55,22.3,190.7,10.7,17.5
1158.03,292.55,80.5,170.3,350.3,25.0
315.82,298.77,0.7,137.1,317.1,2.5
394.78,298.77,0.9,145.4,325.4,7.5
473.75,298.77,1.1,132.6,312.6,7.5
552.7,298.77,1.7,123.7,303.7,11.6
631.66,298.77,3.0,127.1,307.1,12.5
710.61,298.77,4.8,142.7,322.7,12.5
789.57,298.77,7.2,159.4,339.4,12.2
868.52,298.77,11.9,173.8,353.8,9.8
947.48,298.77,16.4,209.7,29.7,12.5
1026.44,298.77,17.2,213.6,33.6,16.4
1105.39,298.77,29.8,177.9,357.9,18.1
1184.35,298.77,86.6,170.5,350.5,25.0
328.99,304.98,0.8,139.2,319.2,2.6
407.94,304.98,0.9,144.5,324.5,7.5
486.9,304.98,1.1,132.4,312.4,8.1
565.85,304.98,1.9,125.7,305.7,12.3
644.81,304.98,3.2,131.7,311.7,12.5
723.77,304.98,5.0,147.7,327.7,12.5
802.73,304.98,7.6,165.0,345.0,12.4
881.69,304.98,11.9,180.8,0.8,12.0
960.64,304.98,16.2,217.4,37.4,12.5
1039.6,304.98,18.4,200.6,20.6,17.4
1118.56,304.98,49.7,170.7,350.7,20.4
1197.51,304.98,88.8,170.7,350.7,25.0
263.19,311.21,0.3,152.1,332.1,2.5
342.15,311.21,0.8,144.6,324.6,3.4
421.1,311.21,0.9,143.4,323.4,7.5
500.06,311.21,1.2,132.6,312.6,9.9
579.02,311.21,2.0,128.0,308.0,12.5
657.97,311.21,3.4,136.2,316.2,12.5
736.93,311.21,5.2,152.4,332.4,12.5
815.88,311.21,8.0,171.5,351.5,12.3
894.84,311.21,12.0,188.4,8.4,12.4
973.8,311.21,15.9,224.9,44.9,12.5
1052.75,311.21,19.6,193.9,13.9,17.5
1131.72,311.21,73.4,169.8,349.8,23.6
276.35,317.44,0.5,155.3,335.3,2.5
355.3,317.44,0.8,150.1,330.1,5.7
434.26,317.44,1.0,142.4,322.4,7.5
513.22,317.44,1.3,132.7,312.7,11.7
592.18,317.44,2.2,130.9,310.9,12.5
671.14,317.44,3.6,140.7,320.7,12.5
750.09,317.44,5.4,157.1,337.1,12.5
829.05,317.44,8.2,177.3,357.3,11.2
908.0,317.44,12.1,195.8,15.8,12.5
986.96,317.44,15.4,232.1,52.1,12.5
1065.91,317.44,21.2,188.2,8.2,17.5
1144.87,317.44,77.7,170.6,350.6,24.8
289.51,323.66,0.6,153.9,333.9,2.5
368.46,323.66,0.9,151.4,331.4,7.2
447.42,323.66,1.0,141.6,321.6,7.5
526.38,323.66,1.5,133.5,313.5,12.4
605.33,323.66,2.4,134.1,314.1,12.5
684.29,323.66,3.8,145.2,325.2,12.5
763.24,323.66,5.6,161.8,341.8,12.5
842.21,323.66,8.3,179.8,359.8,9.8
921.17,323.66,12.1,203.0,23.0,12.5
1000.12,323.66,14.8,238.5,58.5,12.7
1079.08,323.66,23.2,183.3,3.3,17.5
1158.03,323.66,81.4,170.9,350.9,25.0
302.67,329.89,0.7,152.2,332.2,2.5
381.63,329.89,0.9,151.0,331.0,7.5
460.58,329.89,1.1,141.2,321.2,7.7
539.54,329.89,1.6,135.0,315.0,12.5
618.49,329.89,2.6,137.6,317.6,12.5
697.45,329.89,4.0,149.7,329.7,12.5
776.41,329.89,5.8,166.6,346.6,12.5
855.36,329.89,8.6,181.5,1.5,9.7
934.32,329.89,12.0,210.1,30.1,12.5
1013.27,329.89,13.2,234.7,54.7,13.8
1092.23,329.89,25.7,179.5,359.5,17.5
1171.2,329.89,84.6,171.1,351.1,25.0
315.82,336.11,0.8,151.9,331.9,2.5
394.78,336.11,0.9,150.5,330.5,7.5
473.75,336.11,1.2,142.1,322.1,9.0
552.7,336.11,1.7,136.9,316.9,12.5
631.66,336.11,2.7,141.3,321.3,12.5
710.61,336.11,4.2,154.2,334.2,12.5
789.57,336.11,6.0,171.6,351.6,12.5
868.52,336.11,8.8,185.7,5.7,10.8
947.48,336.11,11.9,217.0,37.0,12.5
1026.44,336.11,13.7,207.5,27.5,16.0
1105.39,336.11,29.8,175.8,355.8,17.8
1184.35,336.11,87.1,171.3,351.3,25.0
322.4,342.34,0.8,153.4,333.4,2.8
401.36,342.34,1.0,150.7,330.7,7.5
480.32,342.34,1.2,143.6,323.6,10.5
559.27,342.34,1.8,139.0,319.0,12.5
638.24,342.34,2.8,144.3,324.3,12.5
717.19,342.34,4.2,157.3,337.3,12.5
796.15,342.34,6.0,175.0,355.0,12.5
875.11,342.34,8.5,189.3,9.3,11.7
954.06,342.34,11.6,220.9,40.9,12.5
1033.02,342.34,15.3,196.6,16.6,16.8
1111.97,342.34,34.8,173.4,353.4,18.3
1190.93,342.34,88.2,171.5,351.5,25.0
328.99,348.56,0.8,155.2,335.2,3.5
407.94,348.56,1.0,151.0,331.0,7.5
486.9,348.56,1.3,144.9,324.9,11.7
565.85,348.56,1.8,141.2,321.2,12.5
644.81,348.56,2.8,147.1,327.1,12.5
723.77,348.56,4.2,160.4,340.4,12.5
802.73,348.56,6.0,178.4,358.4,12.5
881.69,348.56,8.3,193.4,13.4,12.3
960.64,348.56,11.3,224.7,44.7,12.5
1039.6,348.56,17.0,190.1,10.1,17.3
1118.56,348.56,43.6,171.4,351.4,19.3
1197.51,348.56,89.2,171.7,351.7,25.0
256.61,354.78,0.7,168.6,348.6,2.5
335.57,354.78,0.8,156.4,336.4,4.9
414.52,354.78,1.0,151.3,331.3,7.5
493.48,354.78,1.3,145.9,325.9,12.3
572.44,354.78,1.9,143.3,323.3,12.5
651.39,354.78,2.9,150.0,330.0,12.5
730.35,354.78,4.3,163.4,343.4,12.5
809.3,354.78,6.0,181.6,1.6,12.5
888.26,354.78,8.2,197.7,17.7,12.5
967.21,354.78,10.9,228.3,48.3,12.5
1046.18,354.78,18.4,186.2,6.2,17.4
1125.14,354.78,56.3,170.4,350.4,20.7
263.19,361.0,0.8,168.6,348.6,2.5
342.15,361.0,0.9,157.4,337.4,6.3
421.1,361.0,1.1,151.7,331.7,7.5
500.06,361.0,1.4,146.9,326.9,12.5
579.02,361.0,2.0,145.5,325.5,12.5
657.97,361.0,3.0,152.8,332.8,12.5
736.93,361.0,4.3,166.5,346.5,12.5
815.88,361.0,5.9,184.6,4.6,12.5
894.84,361.0,8.2,201.9,21.9,12.5
973.8,361.0,10.6,231.8,51.8,12.5
1052.75,361.0,19.7,183.4,3.4,17.5
1131.72,361.0,70.4,170.4,350.4,22.3
269.76,367.23,0.8,163.9,343.9,2.5
348.73,367.23,0.9,158.2,338.2,7.1
427.69,367.23,1.1,152.2,332.2,7.5
506.64,367.23,1.4,148.0,328.0,12.5
585.6,367.23,2.0,147.8,327.8,12.5
664.55,367.23,3.0,155.6,335.6,12.5
743.51,367.23,4.3,169.4,349.4,12.5
822.47,367.23,5.9,187.5,7.5,12.5
901.42,367.23,8.1,205.9,25.9,12.5
980.38,367.23,10.3,235.2,55.2,12.5
1059.33,367.23,21.0,181.3,1.3,17.5
1138.29,367.23,77.7,171.1,351.1,23.6
269.76,373.45,0.8,161.5,341.5,2.5
348.73,373.45,0.9,159.3,339.3,7.3
427.69,373.45,1.1,153.5,333.5,7.5
506.64,373.45,1.4,149.5,329.5,12.5
585.6,373.45,2.0,149.6,329.6,12.5
664.55,373.45,3.0,157.4,337.4,12.5
743.51,373.45,4.2,171.0,351.0,12.5
822.47,373.45,5.7,188.7,8.7,12.5
901.42,373.45,7.8,207.5,27.5,12.5
980.38,373.45,9.8,235.9,55.9,12.5
1059.33,373.45,21.2,180.6,0.6,17.5
1138.29,373.45,77.9,171.2,351.2,23.5
263.19,379.68,0.8,159.2,339.2,2.5
342.15,379.68,0.9,160.9,340.9,7.0
421.1,379.68,1.1,155.3,335.3,7.5
500.06,379.68,1.4,151.2,331.2,12.5
579.02,379.68,1.9,151.1,331.1,12.5
657.97,379.68,2.8,158.3,338.3,12.5
736.93,379.68,4.0,171.3,351.3,12.5
815.88,379.68,5.4,188.4,8.4,12.5
894.84,379.68,7.3,207.0,27.0,12.5
973.8,379.68,9.3,234.2,54.2,12.5
1052.75,379.68,20.1,181.2,1.2,17.5
1131.72,379.68,66.9,170.9,350.9,21.8
256.61,385.91,0.7,159.6,339.6,2.5
335.57,385.91,0.9,162.3,342.3,6.5
414.52,385.91,1.1,157.1,337.1,7.5
493.48,385.91,1.4,152.8,332.8,12.5
572.44,385.91,1.9,152.6,332.6,12.5
651.39,385.91,2.7,159.2,339.2,12.5
730.35,385.91,3.8,171.6,351.6,12.5
809.3,385.91,5.2,188.2,8.2,12.5
888.26,385.91,6.9,206.6,26.6,12.5
967.21,385.91,8.8,232.6,52.6,12.5
1046.18,385.91,18.7,182.1,2.1,17.4
1125.14,385.91,50.6,171.3,351.3,19.8
250.03,392.13,0.7,166.4,346.4,2.5
328.99,392.13,0.9,163.4,343.4,5.8
407.94,392.13,1.1,158.7,338.7,7.5
486.9,392.13,1.3,154.2,334.2,12.5
565.85,392.13,1.8,154.0,334.0,12.5
644.81,392.13,2.6,160.1,340.1,12.5
723.77,392.13,3.6,172.0,352.0,12.5
802.73,392.13,4.9,188.1,8.1,12.5
881.69,392.13,6.5,206.3,26.3,12.5
960.64,392.13,8.3,231.1,51.1,12.5
1039.6,392.13,16.7,184.2,4.2,17.1
1118.56,392.13,38.9,172.5,352.5,18.4
1197.51,392.13,89.4,173.1,353.1,25.0
243.45,398.36,0.7,171.7,351.7,2.5
322.4,398.36,0.9,163.9,343.9,4.8
401.36,398.36,1.0,160.3,340.3,7.5
480.32,398.36,1.3,155.5,335.5,12.5
559.27,398.36,1.8,155.4,335.4,12.5
638.24,398.36,2.5,161.0,341.0,12.5
717.19,398.36,3.5,172.4,352.4,12.5
796.15,398.36,4.7,187.9,7.9,12.5
875.11,398.36,6.1,206.0,26.0,12.5
954.06,398.36,7.9,229.8,49.8,12.5
1033.02,398.36,13.7,189.5,9.5,16.4
1111.97,398.36,33.0,173.7,353.7,17.8
1190.93,398.36,88.5,173.3,353.3,25.0
315.82,404.58,0.9,164.0,344.0,3.8
394.78,404.58,1.0,161.7,341.7,7.5
473.75,404.58,1.3,156.6,336.6,12.4
552.7,404.58,1.7,156.7,336.7,12.5
631.66,404.58,2.4,162.0,342.0,12.5
710.61,404.58,3.3,172.8,352.8,12.5
789.57,404.58,4.5,187.9,7.9,12.5
868.52,404.58,5.8,205.7,25.7,12.5
947.48,404.58,7.4,228.5,48.5,12.5
1026.44,404.58,10.1,202.5,22.5,15.3
1105.39,404.58,30.7,174.4,354.4,17.5
1184.35,404.58,87.7,173.4,353.4,25.0
302.67,410.8,0.9,163.4,343.4,2.7
381.63,410.8,1.0,163.2,343.2,7.5
460.58,410.8,1.3,157.6,337.6,12.0
539.54,410.8,1.6,157.8,337.8,12.5
618.49,410.8,2.2,162.3,342.3,12.5
697.45,410.8,3.1,172.2,352.2,12.5
776.41,410.8,4.2,186.5,6.5,12.5
855.36,410.8,5.4,203.8,23.8,12.5
934.32,410.8,6.9,225.3,45.3,12.5
1013.27,410.8,7.6,246.0,66.0,13.2
1092.23,410.8,28.4,175.1,355.1,17.5
1171.2,410.8,85.6,173.6,353.6,25.0
289.51,417.02,0.9,164.6,344.6,2.5
368.46,417.02,1.0,164.7,344.7,7.5
447.42,417.02,1.2,158.8,338.8,11.0
526.38,417.02,1.5,159.0,339.0,12.5
605.33,417.02,2.1,162.7,342.7,12.5
684.29,417.02,2.9,171.7,351.7,12.5
763.24,417.02,3.9,185.2,5.2,12.5
842.21,417.02,5.1,201.9,21.9,12.5
921.17,417.02,6.5,222.3,42.3,12.5
1000.12,417.02,7.6,247.1,67.1,12.5
1079.08,417.02,26.2,176.0,356.0,17.5
1158.03,417.02,83.4,173.7,353.7,24.9
276.35,423.25,0.8,166.4,346.4,2.5
355.3,423.25,1.0,166.2,346.2,7.5
434.26,423.25,1.2,161.2,341.2,9.8
513.22,423.25,1.5,160.0,340.0,12.5
592.18,423.25,2.0,163.3,343.3,12.5
671.14,423.25,2.7,171.4,351.4,12.5
750.09,423.25,3.6,184.1,4.1,12.5
829.05,423.25,4.7,200.2,20.2,12.5
908.0,423.25,6.0,219.6,39.6,12.5
986.96,423.25,7.2,243.5,63.5,12.5
1065.91,423.25,23.8,176.9,356.9,17.5
1144.87,423.25,80.9,173.2,353.2,23.6
263.19,429.47,0.8,168.5,348.5,2.5
342.15,429.47,0.9,167.6,347.6,7.4
421.1,429.47,1.1,164.0,344.0,8.7
500.06,429.47,1.4,161.1,341.1,12.5
579.02,429.47,1.8,163.8,343.8,12.5
657.97,429.47,2.5,171.2,351.2,12.5
736.93,429.47,3.4,183.1,3.1,12.5
815.88,429.47,4.4,198.5,18.5,12.5
894.84,429.47,5.6,217.1,37.1,12.5
973.8,429.47,6.8,240.0,60.0,12.5
1052.75,429.47,21.2,178.2,358.2,17.5
1131.72,429.47,55.9,172.6,352.6,20.2
250.03,435.7,0.8,171.9,351.9,2.5
328.99,435.7,0.9,168.5,348.5,6.7
407.94,435.7,1.1,165.9,345.9,7.8
486.9,435.7,1.3,162.0,342.0,12.5
565.85,435.7,1.7,164.5,344.5,12.5
644.81,435.7,2.4,171.1,351.1,12.5
723.77,435.7,3.2,182.2,2.2,12.5
802.73,435.7,4.1,197.0,17.0,12.5
881.69,435.7,5.3,214.8,34.8,12.5
960.64,435.7,6.4,236.7,56.7,12.5
1039.6,435.7,16.7,181.7,1.7,16.9
1118.56,435.7,35.9,173.9,353.9,17.9
1197.51,435.7,89.5,174.6,354.6,25.0
236.87,441.93,0.9,175.5,355.5,2.5
315.82,441.93,0.9,168.8,348.8,4.8
394.78,441.93,1.0,166.9,346.9,7.5
473.75,441.93,1.3,162.8,342.8,12.5
552.7,441.93,1.7,165.2,345.2,12.5
631.66,441.93,2.2,171.1,351.1,12.5
710.61,441.93,3.0,181.4,1.4,12.5
789.57,441.93,3.9,195.5,15.5,12.5
868.52,441.93,4.9,212.7,32.7,12.5
947.48,441.93,6.0,233.6,53.6,12.5
1026.44,441.93,8.5,203.3,23.3,14.9
1105.39,441.93,31.4,174.7,354.7,17.5
1184.35,441.93,87.9,174.8,354.8,25.0
302.67,448.15,0.9,168.8,348.8,3.0
381.63,448.15,1.0,168.0,348.0,7.5
460.58,448.15,1.2,163.7,343.7,12.5
539.54,448.15,1.6,165.9,345.9,12.5
618.49,448.15,2.1,171.2,351.2,12.5
697.45,448.15,2.8,180.8,0.8,12.5
776.41,448.15,3.6,194.2,14.2,12.5
855.36,448.15,4.6,210.7,30.7,12.5
934.32,448.15,5.7,230.7,50.7,12.5
1013.27,448.15,6.2,252.9,72.9,13.0
1092.23,448.15,29.4,175.3,355.3,17.5
1171.2,448.15,86.1,175.0,355.0,25.0
282.93,454.38,0.9,169.5,349.5,2.5
361.88,454.38,1.0,169.2,349.2,7.5
440.84,454.38,1.2,164.9,344.9,12.3
519.79,454.38,1.5,166.3,346.3,12.5
598.75,454.38,1.9,170.8,350.8,12.5
677.72,454.38,2.5,179.4,359.4,12.5
756.67,454.38,3.3,191.7,11.7,12.5
835.63,454.38,4.3,207.4,27.4,12.5
914.58,454.38,5.3,226.3,46.3,12.5
993.54,454.38,6.1,248.3,68.3,12.5
1072.5,454.38,26.0,176.3,356.3,17.5
1151.45,454.38,82.9,174.7,354.7,24.1
263.19,460.6,0.9,170.4,350.4,2.5
342.15,460.6,1.0,170.2,350.2,7.5
421.1,460.6,1.1,167.0,347.0,10.7
500.06,460.6,1.4,166.8,346.8,12.5
579.02,460.6,1.8,170.6,350.6,12.5
657.97,460.6,2.3,178.2,358.2,12.5
736.93,460.6,3.1,189.6,9.6,12.5
815.88,460.6,3.9,204.3,24.3,12.5
894.84,460.6,4.9,222.2,42.2,12.5
973.8,460.6,5.7,243.3,63.3,12.5
1052.75,460.6,22.0,177.8,357.8,17.4
1131.72,460.6,49.4,173.9,353.9,19.3
243.45,466.82,0.8,170.5,350.5,2.5
322.4,466.82,0.9,171.0,351.0,6.5
401.36,466.82,1.1,169.4,349.4,8.1
480.32,466.82,1.3,167.3,347.3,12.5
559.27,466.82,1.6,170.6,350.6,12.5
638.24,466.82,2.2,177.2,357.2,12.5
717.19,466.82,2.8,187.6,7.6,12.5
796.15,466.82,3.6,201.5,21.5,12.5
875.11,466.82,4.5,218.4,38.4,12.5
954.06,466.82,5.4,238.4,58.4,12.5
1033.02,466.82,12.0,187.8,7.8,15.8
1111.97,466.82,33.0,175.2,355.2,17.5
1190.93,466.82,88.9,175.8,355.8,25.0
302.67,473.04,0.9,171.7,351.7,3.4
381.63,473.04,1.0,170.7,350.7,7.5
460.58,473.04,1.2,168.0,348.0,12.5
539.54,473.04,1.5,170.7,350.7,12.5
618.49,473.04,2.0,176.5,356.5,12.5
697.45,473.04,2.6,186.0,6.0,12.5
776.41,473.04,3.3,198.9,18.9,12.5
855.36,473.04,4.2,214.8,34.8,12.5
934.32,473.04,5.0,233.9,53.9,12.5
1013.27,473.04,5.5,254.8,74.8,12.9
1092.23,473.04,30.0,175.8,355.8,17.5
1171.2,473.04,86.3,176.0,356.0,25.0
282.93,479.27,0.9,172.5,352.5,2.5
361.88,479.27,1.0,171.5,351.5,7.5
440.84,479.27,1.2,168.7,348.7,12.5
519.79,479.27,1.4,170.9,350.9,12.5
598.75,479.27,1.8,176.0,356.0,12.5
677.72,479.27,2.4,184.5,4.5,12.5
756.67,479.27,3.1,196.5,16.5,12.5
835.63,479.27,3.9,211.6,31.6,12.5
914.58,479.27,4.7,229.7,49.7,12.5
993.54,479.27,5.4,250.4,70.4,12.5
1072.5,479.27,26.7,176.7,356.7,17.5
1151.45,479.27,83.4,175.5,355.5,23.6
256.61,485.49,0.8,172.7,352.7,2.5
335.57,485.49,1.0,172.2,352.2,7.4
414.52,485.49,1.1,170.0,350.0,10.8
493.48,485.49,1.3,170.9,350.9,12.5
572.44,485.49,1.7,175.1,355.1,12.5
651.39,485.49,2.2,182.5,2.5,12.5
730.35,485.49,2.8,193.3,13.3,12.5
809.3,485.49,3.5,207.3,27.3,12.5
888.26,485.49,4.3,224.2,44.2,12.5
967.21,485.49,5.0,243.9,63.9,12.5
1046.18,485.49,20.2,179.0,359.0,17.2
1125.14,485.49,38.0,175.4,355.4,17.9
230.29,491.72,0.7,167.6,347.6,2.5
309.24,491.72,0.9,173.2,353.2,4.9
388.21,491.72,1.0,172.6,352.6,7.7
467.16,491.72,1.2,171.1,351.1,12.5
546.12,491.72,1.5,174.5,354.5,12.5
625.08,491.72,2.0,180.9,0.9,12.5
704.03,491.72,2.5,190.5,10.5,12.5
782.99,491.72,3.2,203.4,23.4,12.5
861.94,491.72,3.9,219.1,39.1,12.5
940.9,491.72,4.7,237.7,57.7,12.5
1019.86,491.72,4.9,242.9,62.9,13.3
1098.81,491.72,31.4,176.3,356.3,17.5
1177.77,491.72,87.4,176.7,356.7,25.0
282.93,497.94,0.9,175.2,355.2,2.5
361.88,497.94,1.0,173.1,353.1,7.5
440.84,497.94,1.2,171.3,351.3,12.5
519.79,497.94,1.4,174.1,354.1,12.5
598.75,497.94,1.8,179.6,359.6,12.5
677.72,497.94,2.3,188.1,8.1,12.5
756.67,497.94,2.9,199.9,19.9,12.5
835.63,497.94,3.6,214.5,34.5,12.5
914.58,497.94,4.3,232.0,52.0,12.5
993.54,497.94,4.9,251.9,71.9,12.5
1072.5,497.94,27.2,177.1,357.1,17.5
1151.45,497.94,83.7,176.1,356.1,23.2
256.61,504.17,0.8,175.9,355.9,2.5
335.57,504.17,1.0,173.6,353.6,7.5
414.52,504.17,1.1,172.0,352.0,11.6
493.48,504.17,1.3,173.9,353.9,12.5
572.44,504.17,1.6,178.5,358.5,12.5
651.39,504.17,2.1,186.1,6.1,12.5
730.35,504.17,2.6,196.7,16.7,12.5
809.3,504.17,3.3,210.3,30.3,12.5
888.26,504.17,4.0,226.7,46.7,12.5
967.21,504.17,4.6,245.6,65.6,12.5
1046.18,504.17,20.4,179.3,359.3,17.1
1125.14,504.17,37.1,176.3,356.3,17.8
230.29,510.4,0.7,177.9,357.9,2.5
309.24,510.4,0.9,174.6,354.6,5.4
388.21,510.4,1.0,174.2,354.2,8.0
467.16,510.4,1.2,173.9,353.9,12.5
546.12,510.4,1.5,177.8,357.8,12.5
625.08,510.4,1.9,184.4,4.4,12.5
704.03,510.4,2.4,193.9,13.9,12.5
782.99,510.4,3.0,206.5,26.5,12.5
861.94,510.4,3.7,221.8,41.8,12.5
940.9,510.4,4.3,239.7,59.7,12.5
1019.86,510.4,4.5,248.8,68.8,13.2
1098.81,510.4,31.8,177.0,357.0,17.5
1177.77,510.4,87.6,177.5,357.5,25.0
282.93,516.62,0.9,178.6,358.6,2.6
361.88,516.62,1.0,174.6,354.6,7.5
440.84,516.62,1.1,174.0,354.0,12.5
519.79,516.62,1.4,177.2,357.2,12.5
598.75,516.62,1.7,182.9,2.9,12.5
677.72,516.62,2.2,191.5,11.5,12.5
756.67,516.62,2.7,203.0,23.0,12.5
835.63,516.62,3.4,217.3,37.3,12.5
914.58,516.62,4.0,234.2,54.2,12.5
993.54,516.62,4.5,253.2,73.2,12.5
1072.5,516.62,27.8,177.7,357.7,17.5
1151.45,516.62,80.9,176.8,356.8,22.6
256.61,522.83,0.8,179.7,359.7,2.5
335.57,522.83,1.0,174.8,354.8,7.5
414.52,522.83,1.1,174.4,354.4,12.0
493.48,522.83,1.3,176.8,356.8,12.5
572.44,522.83,1.6,181.8,1.8,12.5
651.39,522.83,2.0,189.4,9.4,12.5
730.35,522.83,2.5,199.9,19.9,12.5
809.3,522.83,3.1,213.2,33.2,12.5
888.26,522.83,3.7,229.0,49.0,12.5
967.21,522.83,4.2,247.2,67.2,12.5
1046.18,522.83,20.4,179.9,359.9,17.0
1125.14,522.83,36.5,177.1,357.1,17.7
230.29,529.06,0.8,180.1,0.1,2.5
309.24,529.06,0.9,175.8,355.8,5.9
388.21,529.06,1.0,175.4,355.4,8.3
467.16,529.06,1.2,176.5,356.5,12.5
546.12,529.06,1.5,180.9,0.9,12.5
625.08,529.06,1.8,187.7,7.7,12.5
704.03,529.06,2.3,197.2,17.2,12.5
782.99,529.06,2.8,209.4,29.4,12.5
861.94,529.06,3.4,224.3,44.3,12.5
940.9,529.06,3.9,241.5,61.5,12.5
1019.86,529.06,4.1,255.8,75.8,13.1
1098.81,529.06,32.1,177.7,357.7,17.5
1177.77,529.06,87.8,178.3,358.3,25.0
282.93,535.29,0.9,182.1,2.1,2.7
361.88,535.29,1.0,175.9,355.9,7.5
440.84,535.29,1.1,176.6,356.6,12.5
519.79,535.29,1.4,180.1,0.1,12.5
598.75,535.29,1.7,186.2,6.2,12.5
677.72,535.29,2.1,194.7,14.7,12.5
756.67,535.29,2.6,206.0,26.0,12.5
835.63,535.29,3.1,219.9,39.9,12.5
914.58,535.29,3.7,236.2,56.2,12.5
993.54,535.29,4.1,254.5,74.5,12.5
1072.5,535.29,28.2,178.5,358.5,17.5
1151.45,535.29,76.3,177.6,357.6,22.1
256.61,541.51,0.8,183.6,3.6,2.5
335.57,541.51,1.0,176.3,356.3,7.5
414.52,541.51,1.1,176.9,356.9,12.1
493.48,541.51,1.3,179.5,359.5,12.5
572.44,541.51,1.6,184.9,4.9,12.5
651.39,541.51,1.9,192.6,12.6,12.5
730.35,541.51,2.4,202.9,22.9,12.5
809.3,541.51,2.9,215.9,35.9,12.5
888.26,541.51,3.4,231.2,51.2,12.5
967.21,541.51,3.9,248.8,68.8,12.5
1046.18,541.51,20.3,180.7,0.7,16.9
1125.14,541.51,36.2,178.0,358.0,17.6
230.29,547.74,0.7,181.3,1.3,2.5
309.24,547.74,0.9,177.2,357.2,6.4
388.21,547.74,1.0,176.4,356.4,8.4
467.16,547.74,1.2,179.0,359.0,12.5
546.12,547.74,1.4,183.8,3.8,12.5
625.08,547.74,1.8,190.8,10.8,12.5
704.03,547.74,2.2,200.2,20.2,12.5
782.99,547.74,2.7,212.2,32.2,12.5
861.94,547.74,3.2,226.6,46.6,12.5
940.9,547.74,3.6,243.3,63.3,12.5
1019.86,547.74,3.8,261.1,81.1,13.0
1098.81,547.74,32.5,178.6,358.6,17.5
1177.77,547.74,87.9,179.1,359.1,25.0
282.93,553.96,0.9,185.7,5.7,2.8
361.88,553.96,1.0,177.7,357.7,7.5
440.84,553.96,1.1,178.8,358.8,12.5
519.79,553.96,1.3,182.9,2.9,12.5
598.75,553.96,1.6,189.2,9.2,12.5
677.72,553.96,2.0,197.8,17.8,12.5
756.67,553.96,2.5,208.8,28.8,12.5
835.63,553.96,2.9,222.3,42.3,12.5
914.58,553.96,3.4,238.1,58.1,12.5
993.54,553.96,3.8,255.8,75.8,12.5
1072.5,553.96,28.7,179.2,359.2,17.5
1151.45,553.96,71.2,178.4,358.4,21.4
256.61,560.19,0.8,189.0,9.0,2.5
335.57,560.19,1.0,178.0,358.0,7.5
414.52,560.19,1.1,178.8,358.8,11.7
493.48,560.19,1.2,182.0,2.0,12.5
572.44,560.19,1.5,187.8,7.8,12.5
651.39,560.19,1.9,195.7,15.7,12.5
730.35,560.19,2.3,205.8,25.8,12.5
809.3,560.19,2.7,218.4,38.4,12.5
888.26,560.19,3.2,233.3,53.3,12.5
967.21,560.19,3.6,250.2,70.2,12.5
1046.18,560.19,20.1,181.5,1.5,16.7
1125.14,560.19,36.1,179.0,359.0,17.6
223.72,566.41,0.6,164.3,344.3,2.5
302.67,566.41,0.9,179.9,359.9,5.9
381.63,566.41,1.1,178.9,358.9,7.8
460.58,566.41,1.2,180.8,0.8,12.5
539.54,566.41,1.4,186.1,6.1,12.5
618.49,566.41,1.7,193.1,13.1,12.5
697.45,566.41,2.1,202.2,22.2,12.5
776.41,566.41,2.5,213.7,33.7,12.5
855.36,566.41,2.9,227.5,47.5,12.5
934.32,566.41,3.3,243.5,63.5,12.5
1013.27,566.41,3.6,260.9,80.9,12.6
1092.23,566.41,32.0,179.5,359.5,17.5
1171.2,566.41,87.4,179.8,359.8,24.7
269.76,572.63,0.8,193.6,13.6,2.5
348.73,572.63,1.0,179.6,359.6,7.5
427.69,572.63,1.1,179.6,359.6,12.3
506.64,572.63,1.3,184.6,4.6,12.5
585.6,572.63,1.5,190.9,10.9,12.5
664.55,572.63,1.9,199.1,19.1,12.5
743.51,572.63,2.3,209.5,29.5,12.5
822.47,572.63,2.7,222.3,42.3,12.5
901.42,572.63,3.1,237.2,57.2,12.5
980.38,572.63,3.5,254.0,74.0,12.5
1059.33,572.63,26.5,180.5,0.5,17.4
1138.29,572.63,42.3,179.3,359.3,18.2
236.87,578.85,0.6,196.5,16.5,2.5
315.82,578.85,0.9,179.6,359.6,7.3
394.78,578.85,1.1,179.6,359.6,9.2
473.75,578.85,1.2,183.1,3.1,12.5
552.7,578.85,1.4,189.0,9.0,12.5
631.66,578.85,1.7,196.4,16.4,12.5
710.61,578.85,2.1,205.8,25.8,12.5
789.57,578.85,2.5,217.5,37.5,12.5
868.52,578.85,2.9,231.4,51.4,12.5
947.48,578.85,3.2,247.3,67.3,12.5
1026.44,578.85,3.7,235.2,55.2,13.4
1105.39,578.85,33.8,180.0,0.0,17.5
1184.35,578.85,89.0,180.4,0.4,25.0
282.93,585.08,0.9,191.3,11.3,3.2
361.88,585.08,1.0,181.8,1.8,7.5
440.84,585.08,1.1,181.2,1.2,12.5
519.79,585.08,1.3,187.2,7.2,12.5
598.75,585.08,1.5,194.0,14.0,12.5
677.72,585.08,1.9,202.5,22.5,12.5
756.67,585.08,2.3,213.2,33.2,12.5
835.63,585.08,2.7,226.1,46.1,12.5
914.58,585.08,3.0,241.0,61.0,12.5
993.54,585.08,3.3,257.7,77.7,12.5
1072.5,585.08,29.5,180.7,0.7,17.5
1151.45,585.08,62.7,179.8,359.8,20.4
250.03,591.3,0.8,210.6,30.6,2.5
328.99,591.3,0.9,180.7,0.7,7.5
407.94,591.3,1.0,179.2,359.2,11.6
486.9,591.3,1.2,185.5,5.5,12.5
565.85,591.3,1.4,191.9,11.9,12.5
644.81,591.3,1.7,199.7,19.7,12.5
723.77,591.3,2.1,209.4,29.4,12.5
802.73,591.3,2.4,221.2,41.2,12.5
881.69,591.3,2.8,235.2,55.2,12.5
960.64,591.3,3.1,251.0,71.0,12.5
1039.6,591.3,12.9,187.2,7.2,15.4
1118.56,591.3,35.3,180.6,0.6,17.5
1197.51,591.3,90.4,180.9,0.9,25.0
223.72,597.53,0.3,213.1,33.1,2.5
302.67,597.53,0.9,182.4,2.4,6.6
381.63,597.53,1.0,183.0,3.0,8.7
460.58,597.53,1.1,184.2,4.2,12.5
539.54,597.53,1.3,190.5,10.5,12.5
618.49,597.53,1.6,197.8,17.8,12.5
697.45,597.53,1.9,206.8,26.8,12.5
776.41,597.53,2.3,217.8,37.8,12.5
855.36,597.53,2.6,230.9,50.9,12.5
934.32,597.53,3.0,246.0,66.0,12.5
1013.27,597.53,3.2,262.6,82.6,12.6
1092.23,597.53,32.5,181.1,1.1,17.5
1171.2,597.53,87.7,181.0,1.0,24.4
276.35,603.76,0.9,197.8,17.8,2.9
355.3,603.76,1.0,182.8,2.8,7.5
434.26,603.76,1.0,182.4,2.4,12.5
513.22,603.76,1.2,189.2,9.2,12.5
592.18,603.76,1.5,196.1,16.1,12.5
671.14,603.76,1.8,204.4,24.4,12.5
750.09,603.76,2.1,214.7,34.7,12.5
829.05,603.76,2.5,227.0,47.0,12.5
908.0,603.76,2.8,241.4,61.4,12.5
986.96,603.76,3.1,257.4,77.4,12.5
1065.91,603.76,28.8,181.8,1.8,17.5
1144.87,603.76,46.2,180.9,0.9,18.5
269.76,609.98,0.9,201.4,21.4,2.6
348.73,609.98,0.9,182.7,2.7,7.5
427.69,609.98,1.0,182.6,2.6,12.5
506.64,609.98,1.2,189.5,9.5,12.5
585.6,609.98,1.4,196.4,16.4,12.5
664.55,609.98,1.7,204.5,24.5,12.5
743.51,609.98,2.0,214.6,34.6,12.5
822.47,609.98,2.4,226.6,46.6,12.5
901.42,609.98,2.7,240.6,60.6,12.5
980.38,609.98,3.0,256.3,76.3,12.5
1059.33,609.98,27.1,182.3,2.3,17.4
1138.29,609.98,39.5,181.4,1.4,17.8
269.76,616.21,0.9,202.6,22.6,2.7
348.73,616.21,0.9,183.0,3.0,7.5
427.69,616.21,1.0,183.4,3.4,12.5
506.64,616.21,1.2,190.3,10.3,12.5
585.6,616.21,1.4,197.3,17.3,12.5
664.55,616.21,1.7,205.4,25.4,12.5
743.51,616.21,2.0,215.3,35.3,12.5
822.47,616.21,2.3,227.3,47.3,12.5
901.42,616.21,2.7,241.2,61.2,12.5
980.38,616.21,2.9,256.7,76.7,12.5
1059.33,616.21,27.2,182.7,2.7,17.3
1138.29,616.21,39.2,181.8,1.8,17.7
269.76,622.43,1.0,205.8,25.8,2.7
348.73,622.43,0.9,183.2,3.2,7.5
427.69,622.43,1.0,184.2,4.2,12.5
506.64,622.43,1.2,191.1,11.1,12.5
585.6,622.43,1.4,198.1,18.1,12.5
664.55,622.43,1.7,206.2,26.2,12.5
743.51,622.43,2.0,216.1,36.1,12.5
822.47,622.43,2.3,227.9,47.9,12.5
901.42,622.43,2.6,241.7,61.7,12.5
980.38,622.43,2.8,257.1,77.1,12.5
1059.33,622.43,27.3,183.0,3.0,17.3
1138.29,622.43,39.0,182.1,2.1,17.7
263.19,628.65,0.8,222.7,42.7,2.6
342.15,628.65,0.9,182.9,2.9,7.5
421.1,628.65,1.0,184.4,4.4,12.5
500.06,628.65,1.1,191.3,11.3,12.5
579.02,628.65,1.4,198.4,18.4,12.5
657.97,628.65,1.6,206.3,26.3,12.5
736.93,628.65,1.9,216.0,36.0,12.5
815.88,628.65,2.2,227.5,47.5,12.5
894.84,628.65,2.5,241.0,61.0,12.5
973.8,628.65,2.8,256.1,76.1,12.5
1052.75,628.65,23.7,184.0,4.0,16.9
1131.72,628.65,37.1,182.6,2.6,17.5
256.61,634.87,0.6,234.9,54.9,2.5
335.57,634.87,0.9,182.6,2.6,7.5
414.52,634.87,1.0,184.6,4.6,12.5
493.48,634.87,1.1,191.5,11.5,12.5
572.44,634.87,1.3,198.6,18.6,12.5
651.39,634.87,1.6,206.4,26.4,12.5
730.35,634.87,1.9,215.9,35.9,12.5
809.3,634.87,2.2,227.1,47.1,12.5
888.26,634.87,2.5,240.3,60.3,12.5
967.21,634.87,2.7,255.1,75.1,12.5
1046.18,634.87,17.6,186.2,6.2,16.0
1125.14,634.87,36.4,182.9,2.9,17.5
276.35,641.1,1.1,188.4,8.4,3.5
355.3,641.1,0.9,183.9,3.9,7.5
434.26,641.1,1.0,187.0,7.0,12.5
513.22,641.1,1.2,194.1,14.1,12.5
592.18,641.1,1.4,201.3,21.3,12.5
671.14,641.1,1.6,209.4,29.4,12.5
750.09,641.1,1.9,219.2,39.2,12.5
829.05,641.1,2.2,230.9,50.9,12.5
908.0,641.1,2.5,244.3,64.3,12.5
986.96,641.1,2.7,259.4,79.4,12.5
1065.91,641.1,29.5,183.8,3.8,17.4
1144.87,641.1,41.9,183.0,3.0,18.0
296.09,647.32,0.9,180.9,0.9,6.7
375.05,647.32,0.9,184.7,4.7,8.6
454.0,647.32,1.0,189.5,9.5,12.5
532.96,647.32,1.2,196.7,16.7,12.5
611.91,647.32,1.4,204.0,24.0,12.5
690.87,647.32,1.7,212.5,32.5,12.5
769.82,647.32,2.0,222.6,42.6,12.5
848.78,647.32,2.2,234.6,54.6,12.5
927.75,647.32,2.5,248.4,68.4,12.5
1006.7,647.32,2.6,263.6,83.6,12.5
1085.66,647.32,32.6,183.9,3.9,17.5
1164.61,647.32,77.7,183.0,3.0,21.9
315.82,653.55,0.9,180.9,0.9,7.5
394.78,653.55,0.9,185.2,5.2,11.8
473.75,653.55,1.0,192.1,12.1,12.5
552.7,653.55,1.2,199.3,19.3,12.5
631.66,653.55,1.5,206.8,26.8,12.5
710.61,653.55,1.7,215.6,35.6,12.5
789.57,653.55,2.0,226.1,46.1,12.5
868.52,653.55,2.2,238.4,58.4,12.5
947.48,653.55,2.5,252.4,72.4,12.5
1026.44,653.55,2.5,267.6,87.6,12.9
1105.39,653.55,34.8,184.1,4.1,17.5
1184.35,653.55,89.7,183.5,3.5,24.8
335.57,659.77,0.9,182.3,2.3,7.5
414.52,659.77,0.9,187.2,7.2,12.5
493.48,659.77,1.1,194.7,14.7,12.5
572.44,659.77,1.3,201.9,21.9,12.5
651.39,659.77,1.5,209.7,29.7,12.5
730.35,659.77,1.8,218.8,38.8,12.5
809.3,659.77,2.0,229.6,49.6,12.5
888.26,659.77,2.3,242.2,62.2,12.5
967.21,659.77,2.5,256.5,76.5,12.5
1046.18,659.77,16.2,188.2,8.2,15.7
1125.14,659.77,36.6,184.4,4.4,17.5
276.35,666.0,0.9,177.1,357.1,4.1
355.3,666.0,0.9,183.8,3.8,7.5
434.26,666.0,0.9,189.8,9.8,12.5
513.22,666.0,1.1,197.4,17.4,12.5
592.18,666.0,1.3,204.6,24.6,12.5
671.14,666.0,1.6,212.5,32.5,12.5
750.09,666.0,1.8,222.0,42.0,12.5
829.05,666.0,2.1,233.2,53.2,12.5
908.0,666.0,2.3,246.1,66.1,12.5
986.96,666.0,2.4,260.5,80.5,12.5
1065.91,666.0,29.9,185.2,5.2,17.4
1144.87,666.0,40.4,184.5,4.5,17.8
289.51,672.23,0.9,177.4,357.4,6.3
368.46,672.23,0.9,184.8,4.8,7.9
447.42,672.23,1.0,191.8,11.8,12.5
526.38,672.23,1.1,199.4,19.4,12.5
605.33,672.23,1.3,206.6,26.6,12.5
684.29,672.23,1.6,214.7,34.7,12.5
763.24,672.23,1.8,224.4,44.4,12.5
842.21,672.23,2.1,235.7,55.7,12.5
921.17,672.23,2.3,248.8,68.8,12.5
1000.12,672.23,2.4,263.3,83.3,12.5
1079.08,672.23,32.3,185.4,5.4,17.5
1158.03,672.23,55.6,184.4,4.4,19.4
302.67,678.45,0.9,179.1,359.1,7.4
381.63,678.45,0.9,186.0,6.0,9.5
460.58,678.45,1.0,193.9,13.9,12.5
539.54,678.45,1.2,201.5,21.5,12.5
618.49,678.45,1.4,208.7,28.7,12.5
697.45,678.45,1.6,216.9,36.9,12.5
776.41,678.45,1.8,226.7,46.7,12.5
855.36,678.45,2.1,238.3,58.3,12.5
934.32,678.45,2.2,251.5,71.5,12.5
1013.27,678.45,2.4,266.1,86.1,12.5
1092.23,678.45,33.9,185.6,5.6,17.5
1171.2,678.45,85.5,184.5,4.5,22.6
315.82,684.66,0.9,180.3,0.3,7.5
394.78,684.66,0.9,187.7,7.7,11.6
473.75,684.66,1.0,196.0,16.0,12.5
552.7,684.66,1.2,203.5,23.5,12.5
631.66,684.66,1.4,210.7,30.7,12.5
710.61,684.66,1.6,219.1,39.1,12.5
789.57,684.66,1.8,229.1,49.1,12.5
868.52,684.66,2.0,240.8,60.8,12.5
947.48,684.66,2.2,254.2,74.2,12.5
1026.44,684.66,2.3,268.7,88.7,12.7
1105.39,684.66,35.2,185.9,5.9,17.5
1184.35,684.66,90.0,184.8,4.8,24.6
328.99,690.89,0.8,181.3,1.3,7.5
407.94,690.89,0.9,189.8,9.8,12.4
486.9,690.89,1.0,198.1,18.1,12.5
565.85,690.89,1.2,205.5,25.5,12.5
644.81,690.89,1.4,212.8,32.8,12.5
723.77,690.89,1.6,221.3,41.3,12.5
802.73,690.89,1.8,231.5,51.5,12.5
881.69,690.89,2.0,243.4,63.4,12.5
960.64,690.89,2.2,256.8,76.8,12.5
1039.6,690.89,6.8,200.6,20.6,14.1
1118.56,690.89,36.4,186.2,6.2,17.5
1197.51,690.89,91.2,185.1,5.1,25.0
263.19,697.12,1.1,171.4,351.4,2.0
342.15,697.12,0.8,182.3,2.3,7.5
421.1,697.12,0.9,191.9,11.9,12.5
500.06,697.12,1.0,200.3,20.3,12.5
579.02,697.12,1.2,207.4,27.4,12.5
657.97,697.12,1.4,214.8,34.8,12.5
736.93,697.12,1.6,223.5,43.5,12.5
815.88,697.12,1.8,233.9,53.9,12.5
894.84,697.12,2.0,245.9,65.9,12.5
973.8,697.12,2.2,259.5,79.5,12.5
1052.75,697.12,21.4,188.6,8.6,16.3
1131.72,697.12,37.4,186.5,6.5,17.5
276.35,703.34,1.0,166.3,346.3,3.7
355.3,703.34,0.8,183.3,3.3,7.5
434.26,703.34,0.9,194.0,14.0,12.5
513.22,703.34,1.0,202.5,22.5,12.5
592.18,703.34,1.2,209.4,29.4,12.5
671.14,703.34,1.4,216.9,36.9,12.5
750.09,703.34,1.7,225.8,45.8,12.5
829.05,703.34,1.9,236.2,56.2,12.5
908.0,703.34,2.0,248.4,68.4,12.5
986.96,703.34,2.1,262.1,82.1,12.5
1065.91,703.34,30.2,187.4,7.4,17.3
1144.87,703.34,39.2,186.7,6.7,17.6
269.76,709.57,1.1,151.2,331.2,3.1
348.73,709.57,0.8,182.8,2.8,7.5
427.69,709.57,0.9,194.0,14.0,12.5
506.64,709.57,1.0,202.7,22.7,12.5
585.6,709.57,1.2,209.6,29.6,12.5
664.55,709.57,1.4,216.9,36.9,12.5
743.51,709.57,1.6,225.5,45.5,12.5
822.47,709.57,1.8,235.8,55.8,12.5
901.42,709.57,2.0,247.7,67.7,12.5
980.38,709.57,2.1,261.1,81.1,12.5
1059.33,709.57,26.7,188.3,8.3,16.9
1138.29,709.57,38.1,187.2,7.2,17.5
236.87,715.79,0.5,114.2,294.2,2.9
315.82,715.79,0.8,179.8,359.8,7.5
394.78,715.79,0.8,189.1,9.1,10.3
473.75,715.79,0.9,200.1,20.1,12.5
552.7,715.79,1.1,207.7,27.7,12.5
631.66,715.79,1.3,214.4,34.4,12.5
710.61,715.79,1.5,222.4,42.4,12.5
789.57,715.79,1.7,231.8,51.8,12.5
868.52,715.79,1.9,242.9,62.9,12.5
947.48,715.79,2.0,255.7,75.7,12.5
1026.44,715.79,2.1,269.6,89.6,12.7
1105.39,715.79,35.6,187.7,7.7,17.5
1184.35,715.79,90.3,186.2,6.2,24.3
282.93,722.02,0.8,167.5,347.5,4.2
361.88,722.02,0.8,183.7,3.7,7.5
440.84,722.02,0.9,196.8,16.8,12.5
519.79,722.02,1.0,205.8,25.8,12.5
598.75,722.02,1.2,212.3,32.3,12.5
677.72,722.02,1.4,219.6,39.6,12.5
756.67,722.02,1.6,228.3,48.3,12.5
835.63,722.02,1.8,238.5,58.5,12.5
914.58,722.02,1.9,250.5,70.5,12.5
993.54,722.02,2.0,263.9,83.9,12.5
1072.5,722.02,32.1,188.4,8.4,17.5
1151.45,722.02,41.3,187.7,7.7,17.8
250.03,728.25,0.6,143.8,323.8,3.0
328.99,728.25,0.8,181.2,1.2,7.5
407.94,728.25,0.8,192.5,12.5,11.3
486.9,728.25,0.9,203.4,23.4,12.5
565.85,728.25,1.1,210.4,30.4,12.5
644.81,728.25,1.3,217.0,37.0,12.5
723.77,728.25,1.5,225.0,45.0,12.5
802.73,728.25,1.7,234.5,54.5,12.5
881.69,728.25,1.8,245.7,65.7,12.5
960.64,728.25,1.9,258.4,78.4,12.5
1039.6,728.25,4.6,210.3,30.3,13.7
1118.56,728.25,36.8,188.4,8.4,17.5
1197.51,728.25,91.5,186.6,6.6,24.9
217.13,734.47,0.4,164.1,344.1,2.6
296.09,734.47,0.8,176.3,356.3,6.4
375.05,734.47,0.8,184.8,4.8,7.6
454.0,734.47,0.8,199.9,19.9,12.5
532.96,734.47,1.0,208.7,28.7,12.5
611.91,734.47,1.2,214.9,34.9,12.5
690.87,734.47,1.4,222.2,42.2,12.5
769.82,734.47,1.6,230.9,50.9,12.5
848.78,734.47,1.7,241.2,61.2,12.5
927.75,734.47,1.9,253.2,73.2,12.5
1006.7,734.47,2.0,266.6,86.6,12.5
1085.66,734.47,34.1,189.0,9.0,17.5
1164.61,734.47,55.8,187.7,7.7,19.3
250.03,740.68,0.6,156.7,336.7,2.6
328.99,740.68,0.8,181.6,1.6,7.5
407.94,740.68,0.8,192.1,12.1,10.4
486.9,740.68,0.9,205.5,25.5,12.5
565.85,740.68,1.1,212.0,32.0,12.5
644.81,740.68,1.3,218.4,38.4,12.5
723.77,740.68,1.5,226.2,46.2,12.5
802.73,740.68,1.6,235.5,55.5,12.5
881.69,740.68,1.8,246.4,66.4,12.5
960.64,740.68,1.9,258.9,78.9,12.5
1039.6,740.68,3.9,214.8,34.8,13.5
1118.56,740.68,36.9,189.1,9.1,17.5
1197.51,740.68,91.6,187.2,7.2,24.9
203.97,746.91,0.1,222.9,42.9,2.5
282.93,746.91,0.7,173.0,353.0,4.1
361.88,746.91,0.8,184.4,4.4,7.5
440.84,746.91,0.8,199.1,19.1,12.4
519.79,746.91,1.0,209.7,29.7,12.5
598.75,746.91,1.2,215.2,35.2,12.5
677.72,746.91,1.3,222.1,42.1,12.5
756.67,746.91,1.5,230.4,50.4,12.5
835.63,746.91,1.7,240.2,60.2,12.5
914.58,746.91,1.8,251.7,71.7,12.5
993.54,746.91,1.9,264.6,84.6,12.5
1072.5,746.91,32.4,189.9,9.9,17.4
1151.45,746.91,40.3,189.2,9.2,17.7
243.45,753.14,0.5,164.7,344.7,2.5
322.4,753.14,0.8,181.6,1.6,7.5
401.36,753.14,0.8,189.0,9.0,8.5
480.32,753.14,0.9,206.7,26.7,12.5
559.27,753.14,1.1,213.2,33.2,12.5
638.24,753.14,1.2,219.1,39.1,12.5
717.19,753.14,1.4,226.6,46.6,12.5
796.15,753.14,1.6,235.5,55.5,12.5
875.11,753.14,1.7,246.0,66.0,12.5
954.06,753.14,1.8,258.2,78.2,12.5
1033.02,753.14,1.8,271.6,91.6,12.8
1111.97,753.14,36.5,189.9,9.9,17.5
1190.93,753.14,91.2,187.8,7.8,24.5
282.93,759.36,0.7,175.7,355.7,4.0
361.88,759.36,0.8,185.1,5.1,7.5
440.84,759.36,0.8,199.5,19.5,12.1
519.79,759.36,1.0,211.8,31.8,12.5
598.75,759.36,1.2,216.7,36.7,12.5
677.72,759.36,1.3,223.3,43.3,12.5
756.67,759.36,1.5,231.4,51.4,12.5
835.63,759.36,1.6,240.9,60.9,12.5
914.58,759.36,1.7,252.2,72.2,12.5
993.54,759.36,1.8,265.0,85.0,12.5
1072.5,759.36,32.5,190.7,10.7,17.4
1151.45,759.36,40.1,189.9,9.9,17.6
243.45,765.59,0.5,171.4,351.4,2.5
322.4,765.59,0.7,182.4,2.4,7.5
401.36,765.59,0.8,188.2,8.2,7.9
480.32,765.59,0.8,208.6,28.6,12.2
559.27,765.59,1.1,214.8,34.8,12.5
638.24,765.59,1.2,220.4,40.4,12.5
717.19,765.59,1.4,227.7,47.7,12.5
796.15,765.59,1.5,236.4,56.4,12.5
875.11,765.59,1.6,246.7,66.7,12.5
954.06,765.59,1.7,258.6,78.6,12.5
1033.02,765.59,1.7,271.9,91.9,12.8
1111.97,765.59,36.7,190.7,10.7,17.5
1190.93,765.59,91.4,188.4,8.4,24.4
282.93,771.81,0.7,178.2,358.2,4.0
361.88,771.81,0.8,186.0,6.0,7.5
440.84,771.81,0.8,198.6,18.6,11.1
519.79,771.81,1.0,213.6,33.6,12.4
598.75,771.81,1.1,218.0,38.0,12.5
677.72,771.81,1.3,224.5,44.5,12.5
756.67,771.81,1.4,232.3,52.3,12.5
835.63,771.81,1.6,241.6,61.6,12.5
914.58,771.81,1.7,252.7,72.7,12.5
993.54,771.81,1.7,265.3,85.3,12.5
1072.5,771.81,32.5,191.5,11.5,17.4
1151.45,771.81,39.9,190.7,10.7,17.6
243.45,778.04,0.6,176.5,356.5,2.5
322.4,778.04,0.7,183.3,3.3,7.5
401.36,778.04,0.8,188.4,8.4,7.6
480.32,778.04,0.9,209.0,29.0,11.0
559.27,778.04,1.0,216.4,36.4,12.5
638.24,778.04,1.2,221.6,41.6,12.5
717.19,778.04,1.4,228.8,48.8,12.5
796.15,778.04,1.5,237.2,57.2,12.5
875.11,778.04,1.6,247.2,67.2,12.5
954.06,778.04,1.7,259.0,79.0,12.5
1033.02,778.04,1.7,272.1,92.1,12.7
1111.97,778.04,36.8,191.4,11.4,17.5
1190.93,778.04,91.5,188.9,8.9,24.2
282.93,784.26,0.7,180.4,0.4,4.0
361.88,784.26,0.8,186.9,6.9,7.5
440.84,784.26,0.8,196.5,16.5,9.4
519.79,784.26,1.0,214.5,34.5,11.9
598.75,784.26,1.1,219.3,39.3,12.5
677.72,784.26,1.3,225.6,45.6,12.5
756.67,784.26,1.4,233.3,53.3,12.5
835.63,784.26,1.5,242.3,62.3,12.5
914.58,784.26,1.6,253.1,73.1,12.5
993.54,784.26,1.7,265.5,85.5,12.5
1072.5,784.26,32.5,192.3,12.3,17.4
1151.45,784.26,39.8,191.4,11.4,17.6
243.45,790.49,0.6,180.7,0.7,2.5
322.4,790.49,0.7,184.3,4.3,7.5
401.36,790.49,0.8,189.6,9.6,7.5
480.32,790.49,0.9,207.3,27.3,9.2
559.27,790.49,1.0,218.0,38.0,12.5
638.24,790.49,1.2,222.8,42.8,12.5
717.19,790.49,1.3,229.8,49.8,12.5
796.15,790.49,1.5,237.9,57.9,12.5
875.11,790.49,1.5,247.7,67.7,12.5
954.06,790.49,1.6,259.3,79.3,12.5
1033.02,790.49,1.6,272.2,92.2,12.7
1111.97,790.49,36.9,192.2,12.2,17.5
1190.93,790.49,91.6,189.5,9.5,24.0
282.93,796.7,0.7,182.5,2.5,3.9
361.88,796.7,0.7,188.1,8.1,7.5
440.84,796.7,0.9,195.4,15.4,8.0
519.79,796.7,1.0,214.2,34.2,11.1
598.75,796.7,1.1,220.5,40.5,12.5
677.72,796.7,1.2,226.7,46.7,12.5
756.67,796.7,1.4,234.1,54.1,12.5
835.63,796.7,1.5,242.9,62.9,12.5
914.58,796.7,1.6,253.5,73.5,12.5
993.54,796.7,1.6,265.7,85.7,12.5
1072.5,796.7,32.5,193.1,13.1,17.3
1151.45,796.7,39.7,192.2,12.2,17.5
243.45,802.93,0.6,183.9,3.9,2.5
322.4,802.93,0.7,185.4,5.4,7.5
401.36,802.93,0.8,191.3,11.3,7.5
480.32,802.93,1.0,205.5,25.5,7.9
559.27,802.93,1.0,219.6,39.6,12.2
638.24,802.93,1.2,223.9,43.9,12.5
717.19,802.93,1.3,230.8,50.8,12.5
796.15,802.93,1.4,238.6,58.6,12.5
875.11,802.93,1.5,248.2,68.2,12.5
954.06,802.93,1.6,259.6,79.6,12.5
1033.02,802.93,1.6,272.4,92.4,12.7
1111.97,802.93,37.1,192.9,12.9,17.5
1190.93,802.93,91.8,190.2,10.2,23.8
282.93,809.15,0.6,184.4,4.4,3.9
361.88,809.15,0.7,189.3,9.3,7.5
440.84,809.15,0.9,196.6,16.6,7.6
519.79,809.15,0.9,213.0,33.0,9.9
598.75,809.15,1.1,221.6,41.6,12.5
677.72,809.15,1.2,227.8,47.8,12.5
756.67,809.15,1.3,235.0,55.0,12.5
835.63,809.15,1.4,243.4,63.4,12.5
914.58,809.15,1.5,253.8,73.8,12.5
993.54,809.15,1.5,265.9,85.9,12.5
1072.5,809.15,32.4,193.9,13.9,17.3
1151.45,809.15,39.7,192.9,12.9,17.5
250.03,815.38,0.6,185.7,5.7,2.5
328.99,815.38,0.7,187.1,7.1,7.5
407.94,815.38,0.8,193.7,13.7,7.5
486.9,815.38,1.0,206.7,26.7,7.6
565.85,815.38,1.0,220.6,40.6,11.8
644.81,815.38,1.1,225.5,45.5,12.5
723.77,815.38,1.3,232.4,52.4,12.5
802.73,815.38,1.4,240.0,60.0,12.5
881.69,815.38,1.5,249.5,69.5,12.5
960.64,815.38,1.5,260.8,80.8,12.5
1039.6,815.38,1.5,273.5,93.5,12.9
1118.56,815.38,37.6,193.6,13.6,17.5
1197.51,815.38,92.5,190.6,10.6,24.5
217.13,821.61,0.6,183.2,3.2,2.5
296.09,821.61,0.6,185.6,5.6,6.1
375.05,821.61,0.7,191.7,11.7,7.5
454.0,821.61,0.9,200.8,20.8,7.5
532.96,821.61,1.0,214.5,34.5,9.7
611.91,821.61,1.1,223.5,43.5,12.5
690.87,821.61,1.2,230.0,50.0,12.5
769.82,821.61,1.3,237.0,57.0,12.5
848.78,821.61,1.4,245.5,65.5,12.5
927.75,821.61,1.5,256.0,76.0,12.5
1006.7,821.61,1.5,268.2,88.2,12.5
1085.66,821.61,35.3,194.3,14.3,17.5
1164.61,821.61,43.8,193.2,13.2,17.9
263.19,827.83,0.6,188.0,8.0,2.5
342.15,827.83,0.7,189.4,9.4,7.5
421.1,827.83,0.8,197.0,17.0,7.5
500.06,827.83,0.9,209.2,29.2,7.6
579.02,827.83,1.0,221.7,41.7,12.0
657.97,827.83,1.1,227.7,47.7,12.5
736.93,827.83,1.3,234.5,54.5,12.5
815.88,827.83,1.4,242.0,62.0,12.5
894.84,827.83,1.4,251.6,71.6,12.5
973.8,827.83,1.5,263.0,83.0,12.5
1052.75,827.83,11.1,201.4,21.4,14.5
1131.72,827.83,38.6,194.3,14.3,17.5
230.29,834.06,0.5,185.9,5.9,2.5
309.24,834.06,0.6,187.2,7.2,7.3
388.21,834.06,0.7,194.4,14.4,7.5
467.16,834.06,0.9,204.6,24.6,7.5
546.12,834.06,1.0,217.6,37.6,8.4
625.08,834.06,1.1,225.3,45.3,12.5
704.03,834.06,1.2,232.2,52.2,12.5
782.99,834.06,1.3,238.9,58.9,12.5
861.94,834.06,1.4,247.5,67.5,12.5
940.9,834.06,1.4,258.1,78.1,12.5
1019.86,834.06,1.4,270.4,90.4,12.5
1098.81,834.06,36.5,195.0,15.0,17.5
1177.77,834.06,60.8,192.9,12.9,19.7
276.35,840.28,0.6,189.4,9.4,3.0
355.3,840.28,0.7,191.9,11.9,7.5
434.26,840.28,0.8,200.5,20.5,7.5
513.22,840.28,0.9,211.0,31.0,7.6
592.18,840.28,1.0,223.3,43.3,11.9
671.14,840.28,1.1,229.9,49.9,12.5
750.09,840.28,1.3,236.4,56.4,12.5
829.05,840.28,1.3,243.8,63.8,12.5
908.0,840.28,1.4,253.6,73.6,12.5
986.96,840.28,1.4,265.2,85.2,12.5
1065.91,840.28,26.8,196.9,16.9,16.5
1144.87,840.28,39.4,194.9,14.9,17.5
243.45,846.5,0.6,190.8,10.8,2.5
322.4,846.5,0.6,189.2,9.2,7.5
401.36,846.5,0.7,197.3,17.3,7.5
480.32,846.5,0.9,207.8,27.8,7.5
559.27,846.5,1.0,219.8,39.8,8.3
638.24,846.5,1.1,227.5,47.5,12.5
717.19,846.5,1.2,234.2,54.2,12.5
796.15,846.5,1.3,240.7,60.7,12.5
875.11,846.5,1.4,249.4,69.4,12.5
954.06,846.5,1.4,260.2,80.2,12.5
1033.02,846.5,1.4,272.6,92.6,12.6
1111.97,846.5,37.6,195.6,15.6,17.5
1190.93,846.5,89.9,192.5,12.5,22.7
289.51,852.72,0.6,189.1,9.1,4.7
368.46,852.72,0.7,194.5,14.5,7.5
447.42,852.72,0.8,203.9,23.9,7.5
526.38,852.72,0.9,214.0,34.0,7.5
605.33,852.72,1.0,224.7,44.7,11.9
684.29,852.72,1.1,232.1,52.1,12.5
763.24,852.72,1.3,238.1,58.1,12.5
842.21,852.72,1.3,245.6,65.6,12.5
921.17,852.72,1.3,255.6,75.6,12.5
1000.12,852.72,1.4,267.3,87.3,12.5
1079.08,852.72,34.4,196.5,16.5,17.4
1158.03,852.72,40.5,195.5,15.5,17.5
256.61,858.95,0.6,193.0,13.0,2.5
335.57,858.95,0.6,191.6,11.6,7.5
414.52,858.95,0.7,200.5,20.5,7.5
493.48,858.95,0.9,210.9,30.9,7.5
572.44,858.95,1.0,221.8,41.8,8.3
651.39,858.95,1.1,229.8,49.8,12.5
730.35,858.95,1.2,236.2,56.2,12.5
809.3,858.95,1.3,242.3,62.3,12.5
888.26,858.95,1.3,251.3,71.3,12.5
967.21,858.95,1.3,262.3,82.3,12.5
1046.18,858.95,2.1,234.9,54.9,13.2
1125.14,858.95,38.5,196.3,16.3,17.5
223.72,865.17,0.5,212.7,32.7,2.5
302.67,865.17,0.6,189.4,9.4,6.7
381.63,865.17,0.7,197.3,17.3,7.5
460.58,865.17,0.8,207.3,27.3,7.5
539.54,865.17,0.9,217.6,37.6,7.5
618.49,865.17,1.0,226.8,46.8,12.1
697.45,865.17,1.1,234.3,54.3,12.5
776.41,865.17,1.3,239.7,59.7,12.5
855.36,865.17,1.3,247.3,67.3,12.5
934.32,865.17,1.3,257.5,77.5,12.5
1013.27,865.17,1.3,269.4,89.4,12.5
1092.23,865.17,36.4,197.0,17.0,17.5
1171.2,865.17,45.5,195.7,15.7,18.0
276.35,871.4,0.6,193.1,13.1,2.8
355.3,871.4,0.6,194.9,14.9,7.5
434.26,871.4,0.7,204.6,24.6,7.5
513.22,871.4,0.9,214.7,34.7,7.5
592.18,871.4,1.0,225.1,45.1,8.8
671.14,871.4,1.1,232.6,52.6,12.5
750.09,871.4,1.2,238.2,58.2,12.5
829.05,871.4,1.3,244.5,64.5,12.5
908.0,871.4,1.3,254.0,74.0,12.5
986.96,871.4,1.3,265.3,85.3,12.5
1065.91,871.4,24.5,199.5,19.5,16.2
1144.87,871.4,39.7,196.8,16.8,17.5
256.61,877.62,0.6,193.7,13.7,2.5
335.57,877.62,0.6,193.2,13.2,7.5
414.52,877.62,0.7,202.8,22.8,7.5
493.48,877.62,0.8,213.0,33.0,7.5
572.44,877.62,1.0,223.3,43.3,7.6
651.39,877.62,1.1,231.5,51.5,12.4
730.35,877.62,1.2,237.7,57.7,12.5
809.3,877.62,1.2,242.7,62.7,12.5
888.26,877.62,1.3,251.4,71.4,12.5
967.21,877.62,1.3,262.3,82.3,12.5
1046.18,877.62,1.3,260.9,80.9,13.0
1125.14,877.62,38.7,197.4,17.4,17.5
236.87,883.85,0.6,189.1,9.1,2.5
315.82,883.85,0.6,191.5,11.5,7.4
394.78,883.85,0.7,201.0,21.0,7.5
473.75,883.85,0.8,211.3,31.3,7.5
552.7,883.85,0.9,221.3,41.3,7.5
631.66,883.85,1.0,230.1,50.1,11.4
710.61,883.85,1.1,237.2,57.2,12.5
789.57,883.85,1.2,241.2,61.2,12.5
868.52,883.85,1.2,249.1,69.1,12.5
947.48,883.85,1.2,259.5,79.5,12.5
1026.44,883.85,1.2,271.4,91.4,12.5
1105.39,883.85,37.6,198.0,18.0,17.5
1184.35,883.85,62.8,195.5,15.5,19.8
296.09,890.08,0.6,191.6,11.6,5.4
375.05,890.08,0.6,199.2,19.2,7.5
454.0,890.08,0.7,209.5,29.5,7.5
532.96,890.08,0.9,219.5,39.5,7.5
611.91,890.08,1.0,227.8,47.8,9.2
690.87,890.08,1.1,236.0,56.0,12.5
769.82,890.08,1.2,239.9,59.9,12.5
848.78,890.08,1.2,246.8,66.8,12.5
927.75,890.08,1.2,256.7,76.7,12.5
1006.7,890.08,1.2,268.3,88.3,12.5
1085.66,890.08,35.9,198.7,18.7,17.4
1164.61,890.08,41.5,197.7,17.7,17.6
276.35,896.3,0.6,194.5,14.5,2.7
355.3,896.3,0.6,197.3,17.3,7.5
434.26,896.3,0.7,207.6,27.6,7.5
513.22,896.3,0.8,217.8,37.8,7.5
592.18,896.3,0.9,226.9,46.9,7.6
671.14,896.3,1.0,234.3,54.3,12.2
750.09,896.3,1.2,239.3,59.3,12.5
829.05,896.3,1.2,244.8,64.8,12.5
908.0,896.3,1.2,254.0,74.0,12.5
986.96,896.3,1.2,265.2,85.2,12.5
1065.91,896.3,22.2,201.7,21.7,15.8
1144.87,896.3,40.0,198.4,18.4,17.5
256.61,902.51,0.6,193.1,13.1,2.5
335.57,902.51,0.6,195.4,15.4,7.5
414.52,902.51,0.7,205.7,25.7,7.5
493.48,902.51,0.8,216.1,36.1,7.5
572.44,902.51,0.9,225.5,45.5,7.5
651.39,902.51,1.0,232.9,52.9,10.4
730.35,902.51,1.2,239.9,59.9,12.3
809.3,902.51,1.2,242.9,62.9,12.5
888.26,902.51,1.2,251.5,71.5,12.5
967.21,902.51,1.2,262.3,82.3,12.5
1046.18,902.51,1.1,274.4,94.4,12.9
1125.14,902.51,39.0,199.0,19.0,17.5
243.45,908.74,0.6,188.5,8.5,2.5
322.4,908.74,0.6,194.4,14.4,7.5
401.36,908.74,0.6,204.7,24.7,7.5
480.32,908.74,0.7,215.2,35.2,7.5
559.27,908.74,0.9,224.6,44.6,7.5
638.24,908.74,1.0,231.6,51.6,8.7
717.19,908.74,1.1,240.3,60.3,12.0
796.15,908.74,1.2,241.8,61.8,12.5
875.11,908.74,1.2,249.8,69.8,12.5
954.06,908.74,1.2,260.3,80.3,12.5
1033.02,908.74,1.1,272.3,92.3,12.5
1111.97,908.74,38.3,199.5,19.5,17.5
1190.93,908.74,71.9,196.4,16.4,20.7
309.24,914.97,0.5,193.8,13.8,6.9
388.21,914.97,0.6,203.6,23.6,7.5
467.16,914.97,0.7,214.3,34.3,7.5
546.12,914.97,0.8,223.9,43.9,7.5
625.08,914.97,1.0,230.4,50.4,7.8
704.03,914.97,1.1,239.2,59.2,11.5
782.99,914.97,1.2,240.7,60.7,12.5
861.94,914.97,1.2,248.2,68.2,12.5
940.9,914.97,1.1,258.4,78.4,12.5
1019.86,914.97,1.1,270.1,90.1,12.5
1098.81,914.97,37.6,200.1,20.1,17.5
1177.77,914.97,46.7,198.6,18.6,18.0
296.09,921.19,0.5,194.4,14.4,4.8
375.05,921.19,0.6,202.4,22.4,7.5
454.0,921.19,0.7,213.4,33.4,7.5
532.96,921.19,0.8,223.1,43.1,7.5
611.91,921.19,0.9,230.0,50.0,7.5
690.87,921.19,1.0,237.0,57.0,10.8
769.82,921.19,1.2,239.7,59.7,12.5
848.78,921.19,1.1,246.7,66.7,12.5
927.75,921.19,1.1,256.6,76.6,12.5
1006.7,921.19,1.1,268.0,88.0,12.5
1085.66,921.19,35.9,200.8,20.8,17.4
1164.61,921.19,41.4,199.7,19.7,17.5
276.35,927.42,0.5,195.9,15.9,2.6
355.3,927.42,0.6,200.2,20.2,7.5
434.26,927.42,0.6,211.5,31.5,7.5
513.22,927.42,0.8,221.6,41.6,7.5
592.18,927.42,0.9,229.4,49.4,7.5
671.14,927.42,1.0,234.7,54.7,8.9
750.09,927.42,1.2,239.2,59.2,11.6
829.05,927.42,1.1,244.5,64.5,12.5
908.0,927.42,1.1,253.8,73.8,12.5
986.96,927.42,1.1,265.0,85.0,12.5
1065.91,927.42,18.4,204.8,24.8,15.3
1144.87,927.42,40.3,200.3,20.3,17.5
250.03,933.64,0.4,190.9,10.9,2.5
328.99,933.64,0.5,197.2,17.2,7.5
407.94,933.64,0.6,208.5,28.5,7.5
486.9,933.64,0.7,219.3,39.3,7.5
565.85,933.64,0.8,228.0,48.0,7.5
644.81,933.64,1.0,233.6,53.6,7.6
723.77,933.64,1.2,240.2,60.2,8.9
802.73,933.64,1.1,242.0,62.0,12.5
881.69,933.64,1.1,250.4,70.4,12.5
960.64,933.64,1.1,261.0,81.0,12.5
1039.6,933.64,1.1,272.9,92.9,12.6
1118.56,933.64,39.0,201.1,21.1,17.5
1197.51,933.64,81.6,197.3,17.3,21.6
230.29,939.87,0.2,195.0,15.0,2.5
309.24,939.87,0.5,196.2,16.2,6.2
388.21,939.87,0.6,206.2,26.2,7.5
467.16,939.87,0.7,217.6,37.6,7.5
546.12,939.87,0.8,226.8,46.8,7.5
625.08,939.87,0.9,232.9,52.9,7.5
704.03,939.87,1.1,237.1,57.1,8.3
782.99,939.87,1.1,240.2,60.2,12.4
861.94,939.87,1.1,247.9,67.9,12.5
940.9,939.87,1.1,258.2,78.2,12.5
1019.86,939.87,1.1,269.7,89.7,12.5
1098.81,939.87,37.8,201.7,21.7,17.5
1177.77,939.87,44.8,200.3,20.3,17.8
289.51,946.09,0.5,196.9,16.9,3.1
368.46,946.09,0.5,203.8,23.8,7.5
447.42,946.09,0.6,215.7,35.7,7.5
526.38,946.09,0.8,225.6,45.6,7.5
605.33,946.09,0.9,232.4,52.4,7.5
684.29,946.09,1.0,235.5,55.5,7.8
763.24,946.09,1.1,239.9,59.9,11.4
842.21,946.09,1.1,245.5,65.5,12.5
921.17,946.09,1.1,255.4,75.4,12.5
1000.12,946.09,1.0,266.6,86.6,12.5
1079.08,946.09,32.1,203.2,23.2,16.9
1158.03,946.09,41.2,201.3,21.3,17.5
276.35,952.32,0.5,198.7,18.7,2.5
355.3,952.32,0.5,202.1,22.1,7.5
434.26,952.32,0.6,214.7,34.7,7.5
513.22,952.32,0.7,225.0,45.0,7.5
592.18,952.32,0.9,232.3,52.3,7.5
671.14,952.32,1.0,236.0,56.0,7.5
750.09,952.32,1.2,241.9,61.9,9.2
829.05,952.32,1.1,244.0,64.0,12.5
908.0,952.32,1.1,253.5,73.5,12.5
986.96,952.32,1.0,264.6,84.6,12.5
1065.91,952.32,15.2,207.6,27.6,14.9
1144.87,952.32,40.6,201.9,21.9,17.5
263.19,958.53,0.5,204.1,24.1,2.5
342.15,958.53,0.5,200.3,20.3,7.5
421.1,958.53,0.6,213.5,33.5,7.5
500.06,958.53,0.7,224.3,44.3,7.5
579.02,958.53,0.8,232.1,52.1,7.5
657.97,958.53,1.0,236.4,56.4,7.5
736.93,958.53,1.2,243.1,63.1,7.8
815.88,958.53,1.1,242.6,62.6,12.5
894.84,958.53,1.0,251.6,71.6,12.5
973.8,958.53,1.0,262.6,82.6,12.5
1052.75,958.53,0.9,274.4,94.4,13.0
1131.72,958.53,40.0,202.5,22.5,17.5
250.03,964.76,0.5,240.0,60.0,2.3
328.99,964.76,0.5,198.3,18.3,7.4
407.94,964.76,0.6,212.3,32.3,7.5
486.9,964.76,0.7,223.6,43.6,7.5
565.85,964.76,0.8,231.9,51.9,7.5
644.81,964.76,1.0,236.7,56.7,7.5
723.77,964.76,1.1,242.0,62.0,7.5
802.73,964.76,1.1,241.5,61.5,12.4
881.69,964.76,1.0,249.7,69.7,12.5
960.64,964.76,1.0,260.6,80.6,12.5
1039.6,964.76,1.0,272.3,92.3,12.5
1118.56,964.76,39.3,203.1,23.1,17.5
1197.51,964.76,71.6,199.6,19.6,20.5
256.61,970.98,0.7,189.0,9.0,2.5
335.57,970.98,0.5,199.7,19.7,7.5
414.52,970.98,0.6,214.2,34.2,7.5
493.48,970.98,0.7,225.4,45.4,7.5
572.44,970.98,0.8,233.3,53.3,7.5
651.39,970.98,1.0,237.8,57.8,7.5
730.35,970.98,1.1,243.4,63.4,7.5
809.3,970.98,1.1,242.1,62.1,12.4
888.26,970.98,1.0,250.4,70.4,12.5
967.21,970.98,1.0,261.4,81.4,12.5
1046.18,970.98,0.9,273.1,93.1,12.6
1125.14,970.98,39.8,203.4,23.4,17.5
263.19,977.21,0.6,186.2,6.2,2.5
342.15,977.21,0.5,201.4,21.4,7.5
421.1,977.21,0.5,216.1,36.1,7.5
500.06,977.21,0.7,227.1,47.1,7.5
579.02,977.21,0.8,234.7,54.7,7.5
657.97,977.21,1.0,238.8,58.8,7.5
736.93,977.21,1.1,244.5,64.5,7.5
815.88,977.21,1.1,242.4,62.4,12.4
894.84,977.21,1.0,251.2,71.2,12.5
973.8,977.21,1.0,262.2,82.2,12.5
1052.75,977.21,0.9,273.9,93.9,12.8
1131.72,977.21,40.2,203.7,23.7,17.5
269.76,983.44,0.5,186.1,6.1,2.5
348.73,983.44,0.5,203.3,23.3,7.5
427.69,983.44,0.5,218.1,38.1,7.5
506.64,983.44,0.7,228.9,48.9,7.5
585.6,983.44,0.8,236.1,56.1,7.5
664.55,983.44,1.0,239.8,59.8,7.5
743.51,983.44,1.1,245.5,65.5,7.5
822.47,983.44,1.1,242.1,62.1,12.3
901.42,983.44,1.0,252.0,72.0,12.5
980.38,983.44,1.0,263.0,83.0,12.5
1059.33,983.44,3.3,222.8,42.8,13.4
1138.29,983.44,40.6,204.0,24.0,17.5
263.19,989.66,0.5,175.4,355.4,2.5
342.15,989.66,0.5,202.4,22.4,7.5
421.1,989.66,0.5,217.9,37.9,7.5
500.06,989.66,0.7,229.1,49.1,7.5
579.02,989.66,0.8,236.5,56.5,7.5
657.97,989.66,1.0,240.4,60.4,7.5
736.93,989.66,1.1,245.2,65.2,7.5
815.88,989.66,1.1,241.9,61.9,11.9
894.84,989.66,1.0,250.9,70.9,12.5
973.8,989.66,0.9,262.0,82.0,12.5
1052.75,989.66,0.9,273.6,93.6,12.8
1131.72,989.66,40.4,204.5,24.5,17.5
256.61,995.89,0.4,170.7,350.7,2.5
335.57,995.89,0.4,201.5,21.5,7.4
414.52,995.89,0.5,217.7,37.7,7.5
493.48,995.89,0.6,229.4,49.4,7.5
572.44,995.89,0.8,237.0,57.0,7.5
651.39,995.89,0.9,241.0,61.0,7.5
730.35,995.89,1.1,244.9,64.9,7.5
809.3,995.89,1.1,242.4,62.4,10.7
888.26,995.89,0.9,249.8,69.8,12.5
967.21,995.89,0.9,260.9,80.9,12.5
1046.18,995.89,0.9,272.4,92.4,12.6
1125.14,995.89,40.1,205.1,25.1,17.5
243.45,1002.11,0.1,206.6,26.6,2.5
322.4,1002.11,0.4,199.9,19.9,6.3
401.36,1002.11,0.5,216.3,36.3,7.5
480.32,1002.11,0.6,228.8,48.8,7.5
559.27,1002.11,0.7,237.0,57.0,7.5
638.24,1002.11,0.9,241.4,61.4,7.5
717.19,1002.11,1.1,244.4,64.4,7.5
796.15,1002.11,1.1,245.9,65.9,8.5
875.11,1002.11,0.9,247.6,67.6,12.5
954.06,1002.11,0.9,258.9,78.9,12.5
1033.02,1002.11,0.9,270.2,90.2,12.5
1111.97,1002.11,39.4,205.7,25.7,17.5
1190.93,1002.11,49.7,203.6,23.6,18.2
322.4,1008.34,0.4,200.7,20.7,6.1
401.36,1008.34,0.5,217.2,37.2,7.5
480.32,1008.34,0.6,229.9,49.9,7.5
559.27,1008.34,0.7,238.0,58.0,7.5
638.24,1008.34,0.9,242.3,62.3,7.5
717.19,1008.34,1.1,244.9,64.9,7.5
796.15,1008.34,1.1,246.2,66.2,7.3
875.11,1008.34,0.9,247.5,67.5,12.5
954.06,1008.34,0.9,258.8,78.8,12.5
1033.02,1008.34,0.9,270.0,90.0,12.5
1111.97,1008.34,39.5,206.1,26.1,17.5
1190.93,1008.34,48.9,204.1,24.1,18.1
322.4,1014.55,0.4,201.6,21.6,5.8
401.36,1014.55,0.5,218.2,38.2,7.5
480.32,1014.55,0.6,231.0,51.0,7.5
559.27,1014.55,0.7,239.1,59.1,7.5
638.24,1014.55,0.9,243.2,63.2,7.5
717.19,1014.55,1.0,245.3,65.3,7.5
796.15,1014.55,1.2,246.4,66.4,6.5
875.11,1014.55,0.9,247.5,67.5,12.5
954.06,1014.55,0.9,258.7,78.7,12.5
1033.02,1014.55,0.9,269.8,89.8,12.5
1111.97,1014.55,39.6,206.5,26.5,17.5
1190.93,1014.55,48.2,204.6,24.6,18.0
322.4,1020.78,0.4,202.7,22.7,5.4
401.36,1020.78,0.5,219.2,39.2,7.5
480.32,1020.78,0.6,232.1,52.1,7.5
559.27,1020.78,0.7,240.2,60.2,7.5
638.24,1020.78,0.9,244.1,64.1,7.5
717.19,1020.78,1.0,245.7,65.7,7.5
796.15,1020.78,1.2,247.1,67.1,6.3
875.11,1020.78,0.9,247.5,67.5,12.5
954.06,1020.78,0.9,258.6,78.6,12.5
1033.02,1020.78,0.8,269.5,89.5,12.5
1111.97,1020.78,39.7,206.9,26.9,17.5
1190.93,1020.78,47.6,205.1,25.1,17.9
322.4,1027.0,0.4,203.8,23.8,5.1
401.36,1027.0,0.4,220.3,40.3,7.5
480.32,1027.0,0.6,233.3,53.3,7.5
559.27,1027.0,0.7,241.3,61.3,7.5
638.24,1027.0,0.9,245.0,65.0,7.5
717.19,1027.0,1.0,246.1,66.1,7.5
796.15,1027.0,1.2,248.0,68.0,6.4
875.11,1027.0,0.9,247.5,67.5,12.5
954.06,1027.0,0.9,258.4,78.4,12.5
1033.02,1027.0,0.8,269.3,89.3,12.5
1111.97,1027.0,39.7,207.4,27.4,17.5
1190.93,1027.0,47.1,205.6,25.6,17.8
322.4,1033.23,0.4,205.0,25.0,4.6
401.36,1033.23,0.4,221.4,41.4,7.5
480.32,1033.23,0.6,234.6,54.6,7.5
559.27,1033.23,0.7,242.4,62.4,7.5
638.24,1033.23,0.9,246.0,66.0,7.5
717.19,1033.23,1.0,246.4,66.4,7.5
796.15,1033.23,1.2,249.1,69.1,6.8
875.11,1033.23,0.9,247.6,67.6,12.5
954.06,1033.23,0.8,258.3,78.3,12.5
1033.02,1033.23,0.8,269.1,89.1,12.5
1111.97,1033.23,39.8,207.8,27.8,17.5
1190.93,1033.23,46.7,206.1,26.1,17.8
309.24,1039.46,0.3,204.9,24.9,2.9
388.21,1039.46,0.4,219.6,39.6,7.5
467.16,1039.46,0.5,234.1,54.1,7.5
546.12,1039.46,0.7,242.5,62.5,7.5
625.08,1039.46,0.9,246.9,66.9,7.5
704.03,1039.46,1.0,246.6,66.6,7.5
782.99,1039.46,1.1,248.4,68.4,7.3
861.94,1039.46,0.8,245.8,65.8,12.5
940.9,1039.46,0.8,256.5,76.5,12.5
1019.86,1039.46,0.8,266.9,86.9,12.5
1098.81,1039.46,38.5,208.6,28.6,17.4
1177.77,1039.46,43.5,207.1,27.1,17.5
296.09,1045.68,0.3,203.4,23.4,2.5
375.05,1045.68,0.4,217.5,37.5,7.5
454.0,1045.68,0.5,233.7,53.7,7.5
532.96,1045.68,0.6,242.5,62.5,7.5
611.91,1045.68,0.8,247.8,67.8,7.5
690.87,1045.68,1.0,247.1,67.1,7.5
769.82,1045.68,1.1,248.3,68.3,7.5
848.78,1045.68,0.8,244.5,64.5,12.5
927.75,1045.68,0.8,254.8,74.8,12.5
1006.7,1045.68,0.8,264.8,84.8,12.5
1085.66,1045.68,30.8,210.6,30.6,16.6
1164.61,1045.68,42.9,207.8,27.8,17.5
282.93,1051.91,0.3,200.5,20.5,2.5
361.88,1051.91,0.4,215.1,35.1,7.5
440.84,1051.91,0.5,233.0,53.0,7.5
519.79,1051.91,0.6,242.4,62.4,7.5
598.75,1051.91,0.8,248.6,68.6,7.5
677.72,1051.91,1.0,247.9,67.9,7.5
756.67,1051.91,1.1,248.3,68.3,7.5
835.63,1051.91,0.8,245.1,65.1,11.8
914.58,1051.91,0.8,253.1,73.1,12.5
993.54,1051.91,0.8,262.8,82.8,12.5
1072.5,1051.91,11.2,216.3,36.3,14.3
1151.45,1051.91,42.2,208.5,28.5,17.5
276.35,1058.13,0.3,200.1,20.1,2.5
355.3,1058.13,0.3,214.7,34.7,7.3
434.26,1058.13,0.4,233.4,53.4,7.5
513.22,1058.13,0.6,243.0,63.0,7.5
592.18,1058.13,0.8,249.7,69.7,7.5
671.14,1058.13,1.0,248.7,68.7,7.5
750.09,1058.13,1.1,248.4,68.4,7.5
829.05,1058.13,0.9,247.2,67.2,10.9
908.0,1058.13,0.8,252.3,72.3,12.5
986.96,1058.13,0.8,261.8,81.8,12.5
1065.91,1058.13,2.5,229.0,49.0,13.2
1144.87,1058.13,42.0,209.1,29.1,17.5
276.35,1064.35,0.2,202.4,22.4,2.5
355.3,1064.35,0.3,216.1,36.1,7.2
434.26,1064.35,0.4,235.0,55.0,7.5
513.22,1064.35,0.6,244.2,64.2,7.5
592.18,1064.35,0.8,251.1,71.1,7.5
671.14,1064.35,1.0,249.4,69.4,7.5
750.09,1064.35,1.0,248.7,68.7,7.5
829.05,1064.35,0.9,247.9,67.9,10.8
908.0,1064.35,0.8,252.3,72.3,12.5
986.96,1064.35,0.8,261.5,81.5,12.5
1065.91,1064.35,1.9,233.3,53.3,13.2
1144.87,1064.35,42.1,209.5,29.5,17.5
276.35,1070.57,0.2,204.7,24.7,2.5
355.3,1070.57,0.3,217.5,37.5,6.9
434.26,1070.57,0.4,236.7,56.7,7.5
513.22,1070.57,0.6,245.5,65.5,7.5
592.18,1070.57,0.8,252.6,72.6,7.5
671.14,1070.57,1.0,250.0,70.0,7.5
750.09,1070.57,1.0,249.0,69.0,7.5
829.05,1070.57,0.9,248.5,68.5,10.6
908.0,1070.57,0.8,252.3,72.3,12.5
986.96,1070.57,0.8,261.2,81.2,12.5
1065.91,1070.57,1.4,240.3,60.3,13.1
1144.87,1070.57,42.1,210.0,30.0,17.5
276.35,1076.8,0.2,207.3,27.3,2.5
355.3,1076.8,0.3,219.0,39.0,6.6
434.26,1076.8,0.4,238.5,58.5,7.5
513.22,1076.8,0.6,246.7,66.7,7.5
592.18,1076.8,0.8,254.2,74.2,7.5
671.14,1076.8,1.0,250.6,70.6,7.5
750.09,1076.8,1.0,249.2,69.2,7.5
829.05,1076.8,0.9,249.2,69.2,10.3
908.0,1076.8,0.8,252.4,72.4,12.5
986.96,1076.8,0.8,261.0,81.0,12.5
1065.91,1076.8,0.9,253.2,73.2,13.0
1144.87,1076.8,42.2,210.5,30.5,17.5
276.35,1083.02,0.2,210.1,30.1,2.5
355.3,1083.02,0.3,220.5,40.5,6.1
434.26,1083.02,0.4,240.4,60.4,7.5
513.22,1083.02,0.6,247.8,67.8,7.5
592.18,1083.02,0.8,255.8,75.8,7.5
671.14,1083.02,1.0,251.1,71.1,7.5
750.09,1083.02,1.0,249.3,69.3,7.5
829.05,1083.02,0.9,249.8,69.8,9.9
908.0,1083.02,0.8,252.4,72.4,12.5
986.96,1083.02,0.7,260.7,80.7,12.5
1065.91,1083.02,0.7,271.2,91.2,13.0
1144.87,1083.02,42.3,210.9,30.9,17.5
282.93,1089.25,0.2,215.1,35.1,2.5
361.88,1089.25,0.3,222.9,42.9,6.5
440.84,1089.25,0.4,243.6,63.6,7.5
519.79,1089.25,0.6,249.4,69.4,7.5
598.75,1089.25,0.8,258.1,78.1,7.5
677.72,1089.25,1.0,250.6,70.6,7.5
756.67,1089.25,1.0,249.9,69.9,7.5
835.63,1089.25,0.8,248.4,68.4,10.7
914.58,1089.25,0.8,253.1,73.1,12.5
993.54,1089.25,0.7,261.1,81.1,12.5
1072.5,1089.25,5.8,222.5,42.5,13.6
1151.45,1089.25,42.8,211.3,31.3,17.5
289.51,1095.47,0.2,219.5,39.5,2.5
368.46,1095.47,0.3,225.8,45.8,6.8
447.42,1095.47,0.4,246.7,66.7,7.5
526.38,1095.47,0.6,251.0,71.0,7.5
605.33,1095.47,0.8,260.7,80.7,7.5
684.29,1095.47,1.1,249.7,69.7,7.5
763.24,1095.47,1.0,250.6,70.6,7.5
842.21,1095.47,0.8,247.7,67.7,11.4
921.17,1095.47,0.8,253.7,73.7,12.5
1000.12,1095.47,0.7,261.5,81.5,12.5
1079.08,1095.47,14.2,218.3,38.3,14.6
1158.03,1095.47,43.2,211.7,31.7,17.5
296.09,1101.7,0.2,223.6,43.6,2.5
375.05,1101.7,0.3,229.3,49.3,6.9
454.0,1101.7,0.4,249.6,69.6,7.5
532.96,1101.7,0.6,252.6,72.6,7.5
611.91,1101.7,0.8,263.4,83.4,7.5
690.87,1101.7,1.1,248.4,68.4,7.5
769.82,1101.7,1.0,251.4,71.4,7.5
848.78,1101.7,0.7,247.8,67.8,12.0
927.75,1101.7,0.7,254.2,74.2,12.5
1006.7,1101.7,0.7,261.9,81.9,12.5
1085.66,1101.7,23.5,216.2,36.2,15.6
1164.61,1101.7,43.7,212.1,32.1,17.5
302.67,1107.93,0.2,227.5,47.5,2.5
381.63,1107.93,0.3,233.0,53.0,7.0
460.58,1107.93,0.4,252.3,72.3,7.5
539.54,1107.93,0.6,254.4,74.4,7.5
618.49,1107.93,0.9,266.2,86.2,7.5
697.45,1107.93,1.1,246.9,66.9,7.5
776.41,1107.93,1.0,252.3,72.3,7.5
855.36,1107.93,0.7,248.5,68.5,12.3
934.32,1107.93,0.7,254.6,74.6,12.5
1013.27,1107.93,0.7,262.2,82.2,12.5
1092.23,1107.93,31.4,215.0,35.0,16.5
1171.2,1107.93,44.2,212.5,32.5,17.5
328.99,1114.15,0.2,228.5,48.5,2.7
407.94,1114.15,0.3,245.7,65.7,7.5
486.9,1114.15,0.5,253.6,73.6,7.5
565.85,1114.15,0.6,260.2,80.2,7.5
644.81,1114.15,1.1,262.8,82.8,7.5
723.77,1114.15,1.0,246.2,66.2,7.5
802.73,1114.15,1.0,254.8,74.8,7.5
881.69,1114.15,0.7,250.9,70.9,12.5
960.64,1114.15,0.7,256.5,76.5,12.5
1039.6,1114.15,0.7,265.1,85.1,12.5
1118.56,1114.15,41.1,213.6,33.6,17.5
1197.51,1114.15,46.7,212.2,32.2,17.6
276.35,1120.36,0.1,212.8,32.8,2.1
355.3,1120.36,0.2,238.8,58.8,3.2
434.26,1120.36,0.4,256.7,76.7,7.5
513.22,1120.36,0.6,252.3,72.3,7.5
592.18,1120.36,0.7,268.5,88.5,7.5
671.14,1120.36,1.2,251.6,71.6,7.5
750.09,1120.36,1.0,249.3,69.3,7.5
829.05,1120.36,0.9,253.7,73.7,8.8
908.0,1120.36,0.7,252.7,72.7,12.5
986.96,1120.36,0.7,258.4,78.4,12.5
1065.91,1120.36,0.6,268.4,88.4,12.7
1144.87,1120.36,42.7,213.9,33.9,17.5
302.67,1126.59,0.3,249.9,69.9,2.7
381.63,1126.59,0.2,241.6,61.6,5.9
460.58,1126.59,0.5,259.8,79.8,7.5
539.54,1126.59,0.5,256.7,76.7,7.5
618.49,1126.59,0.9,279.2,99.2,7.3
697.45,1126.59,1.1,242.2,62.2,7.5
776.41,1126.59,1.0,253.4,73.4,7.5
855.36,1126.59,0.7,251.0,71.0,12.3
934.32,1126.59,0.7,254.2,74.2,12.5
1013.27,1126.59,0.7,260.6,80.6,12.5
1092.23,1126.59,29.1,216.9,36.9,16.2
1171.2,1126.59,44.5,214.0,34.0,17.5
361.88,1132.82,0.2,247.4,67.4,3.1
440.84,1132.82,0.4,264.8,84.8,7.5
519.79,1132.82,0.5,251.8,71.8,7.5
598.75,1132.82,0.6,276.4,96.4,7.4
677.72,1132.82,1.4,243.3,63.3,7.5
756.67,1132.82,0.9,250.6,70.6,7.5
835.63,1132.82,0.8,254.1,74.1,10.1
914.58,1132.82,0.7,253.0,73.0,12.5
993.54,1132.82,0.7,258.0,78.0,12.5
1072.5,1132.82,1.1,244.3,64.3,13.1
1151.45,1132.82,43.2,214.9,34.9,17.5
342.15,1139.04,0.2,245.2,65.2,2.8
421.1,1139.04,0.3,267.5,87.5,7.5
500.06,1139.04,0.6,250.2,70.2,7.5
579.02,1139.04,0.6,267.6,87.6,7.5
657.97,1139.04,1.5,264.6,84.6,7.4
736.93,1139.04,0.9,245.7,65.7,7.5
815.88,1139.04,1.0,256.7,76.7,7.8
894.84,1139.04,0.7,252.3,72.3,12.5
973.8,1139.04,0.7,256.0,76.0,12.5
1052.75,1139.04,0.6,264.6,84.6,12.5
1131.72,1139.04,42.0,215.5,35.5,17.5
322.4,1145.27,0.1,235.1,55.1,4.3
401.36,1145.27,0.2,268.2,88.2,6.9
480.32,1145.27,0.6,266.8,86.8,7.5
559.27,1145.27,0.5,264.5,84.5,7.5
671.14,1145.27,1.5,225.0,45.0,7.5
750.09,1145.27,0.9,249.5,69.5,7.5
829.05,1145.27,0.8,257.0,77.0,9.4
908.0,1145.27,0.7,252.7,72.7,12.5
986.96,1145.27,0.7,256.3,76.3,12.5
1065.91,1145.27,0.6,265.9,85.9,12.6
1144.87,1145.27,42.9,216.0,36.0,17.5
335.57,1151.49,0.2,236.6,56.6,3.3
414.52,1151.49,0.3,271.2,91.2,7.3
539.54,1151.49,0.5,261.8,81.8,7.5
618.49,1151.49,0.5,309.8,129.8,5.9
736.93,1151.49,0.8,244.9,64.9,7.5
815.88,1151.49,1.0,258.6,78.6,8.1
894.84,1151.49,0.7,252.2,72.2,12.5
973.8,1151.49,0.7,254.9,74.9,12.5
1052.75,1151.49,0.6,263.1,83.1,12.5
1131.72,1151.49,42.0,216.6,36.6,17.5
342.15,1157.72,0.1,248.6,68.6,2.8
513.22,1157.72,0.4,234.2,54.2,7.5
592.18,1157.72,0.4,268.6,88.6,7.2
717.19,1157.72,0.8,234.5,54.5,7.5
796.15,1157.72,1.0,260.7,80.7,7.5
875.11,1157.72,0.7,252.6,72.6,12.4
954.06,1157.72,0.7,253.9,73.9,12.5
1033.02,1157.72,0.6,259.3,79.3,12.5
1111.97,1157.72,40.1,217.2,37.2,17.4
1190.93,1157.72,46.5,216.6,36.6,17.5
513.22,1163.94,0.3,225.0,45.0,7.2
592.18,1163.94,0.4,263.3,83.3,7.2
723.77,1163.94,0.8,237.4,57.4,7.5
802.73,1163.94,1.0,262.5,82.5,7.7
881.69,1163.94,0.7,252.0,72.0,12.4
960.64,1163.94,0.7,253.6,73.6,12.5
1039.6,1163.94,0.6,259.3,79.3,12.5
1118.56,1163.94,40.9,217.6,37.6,17.5
1197.51,1163.94,47.3,217.0,37.0,17.5
328.99,1170.17,0.0,220.2,40.2,3.0
585.6,1170.17,0.3,244.7,64.7,7.4
717.19,1170.17,0.7,232.4,52.4,7.5
796.15,1170.17,1.0,265.5,85.5,7.6
875.11,1170.17,0.7,252.2,72.2,12.0
954.06,1170.17,0.7,253.3,73.3,12.5
1033.02,1170.17,0.6,257.3,77.3,12.5
1111.97,1170.17,39.7,218.2,38.2,17.4
1190.93,1170.17,46.8,217.9,37.9,17.5
618.49,1176.38,0.1,295.7,115.7,6.6
750.09,1176.38,0.7,253.2,73.2,7.5
829.05,1176.38,0.8,260.4,80.4,10.2
908.0,1176.38,0.7,251.8,71.8,12.5
986.96,1176.38,0.7,252.2,72.2,12.5
1065.91,1176.38,0.5,262.1,82.1,12.6
1144.87,1176.38,42.9,219.1,39.1,17.5
618.49,1182.61,0.1,287.3,107.3,6.7
736.93,1182.61,0.6,245.8,65.8,7.5
815.88,1182.61,1.0,266.0,86.0,8.6
894.84,1182.61,0.7,251.1,71.1,12.1
973.8,1182.61,0.7,251.5,71.5,12.5
1052.75,1182.61,0.5,258.6,78.6,12.5
1131.72,1182.61,41.8,219.6,39.6,17.5
605.33,1188.83,0.1,221.3,41.3,7.3
730.35,1188.83,0.6,242.1,62.1,7.5
809.3,1188.83,1.0,269.2,89.2,8.0
888.26,1188.83,0.7,251.1,71.1,11.2
967.21,1188.83,0.7,251.2,71.2,12.5
1046.18,1188.83,0.5,256.1,76.1,12.5
1125.14,1188.83,41.1,220.1,40.1,17.5
355.3,1195.06,0.0,311.2,131.2,2.5
710.61,1195.06,0.4,236.7,56.7,7.5
789.57,1195.06,1.2,297.4,117.4,7.5
868.52,1195.06,0.7,252.0,72.0,8.7
947.48,1195.06,0.7,253.8,73.8,12.5
1026.44,1195.06,0.5,251.0,71.0,12.5
1105.39,1195.06,34.7,221.1,41.1,16.9
1184.35,1195.06,46.6,221.2,41.2,17.5
743.51,1201.29,0.5,248.5,68.5,7.5
855.36,1201.29,0.7,248.7,68.7,7.6
934.32,1201.29,0.7,255.7,75.7,12.5
1013.27,1201.29,0.6,247.2,67.2,12.5
1092.23,1201.29,16.4,224.9,44.9,14.8
1171.2,1201.29,45.3,222.3,42.3,17.5
763.24,1207.51,0.4,272.0,92.0,7.5
881.69,1207.51,0.7,252.7,72.7,7.8
960.64,1207.51,0.8,251.1,71.1,12.5
1039.6,1207.51,0.5,250.6,70.6,12.5
1118.56,1207.51,39.6,222.1,42.1,17.4
1197.51,1207.51,48.5,222.5,42.5,17.5
644.81,1213.74,0.0,,,2.7
861.94,1213.74,0.7,250.1,70.1,6.4
940.9,1213.74,0.7,259.4,79.4,12.4
1019.86,1213.74,0.5,244.0,64.0,12.5
1098.81,1213.74,24.2,224.6,44.6,15.7
1177.77,1213.74,46.2,224.1,44.1,17.5
868.52,1219.96,0.7,243.7,63.7,5.6
947.48,1219.96,0.8,261.3,81.3,12.3
1026.44,1219.96,0.5,243.4,63.4,12.5
1105.39,1219.96,31.4,224.2,44.2,16.6
1184.35,1219.96,47.2,224.9,44.9,17.5
914.58,1226.19,0.6,264.9,84.9,10.8
993.54,1226.19,0.6,232.6,52.6,12.5
1072.5,1226.19,0.4,256.3,76.3,12.6
1151.45,1226.19,42.9,226.1,46.1,17.5
960.64,1232.4,0.9,225.0,45.0,9.0
1039.6,1232.4,0.4,244.1,64.1,12.5
1118.56,1232.4,37.9,225.6,45.6,17.4
1197.51,1232.4,49.4,226.7,46.7,17.5
638.24,1238.63,0.0,,,2.5
1013.27,1238.63,0.5,230.7,50.7,12.5
1092.23,1238.63,9.5,230.3,50.3,14.1
1171.2,1238.63,45.5,228.6,48.6,17.5
1000.12,1244.85,0.5,219.8,39.8,12.4
1079.08,1244.85,0.3,256.1,76.1,12.7
1158.03,1244.85,43.5,229.8,49.8,17.5
1006.7,1251.08,0.4,220.0,40.0,12.5
1085.66,1251.08,0.8,242.5,62.5,13.1
1164.61,1251.08,44.5,231.3,51.3,17.5
1026.44,1257.3,0.4,230.9,50.9,12.5
1105.39,1257.3,24.7,231.0,51.0,16.0
1184.35,1257.3,48.2,232.5,52.5,17.5
1046.18,1263.53,0.3,241.4,61.4,12.5
1125.14,1263.53,37.1,232.3,52.3,17.4
986.96,1269.76,0.4,190.9,10.9,11.1
1065.91,1269.76,0.3,250.3,70.3,12.5
1144.87,1269.76,40.5,235.4,55.4,17.5
1006.7,1275.98,0.3,210.4,30.4,12.4
1085.66,1275.98,0.3,257.1,77.1,12.8
1164.61,1275.98,44.3,237.9,57.9,17.5
1013.27,1282.19,0.3,216.8,36.8,12.5
1092.23,1282.19,3.2,241.1,61.1,13.4
1171.2,1282.19,45.9,239.8,59.8,17.5
1019.86,1288.42,0.2,223.8,43.8,12.5
1098.81,1288.42,9.7,241.4,61.4,14.2
1177.77,1288.42,47.7,241.7,61.7,17.5
1026.44,1294.65,0.2,230.8,50.8,12.5
1105.39,1294.65,17.4,242.5,62.5,15.3
1184.35,1294.65,49.7,243.5,63.5,17.5
993.54,1300.87,0.1,199.2,19.2,12.2
1072.5,1300.87,0.2,255.6,75.6,12.5
1151.45,1300.87,40.8,246.0,66.0,17.5
947.48,1307.1,0.0,129.2,309.2,10.1
1026.44,1307.1,0.2,235.8,55.8,12.5
1105.39,1307.1,15.1,247.5,67.5,15.0
1184.35,1307.1,50.4,248.2,68.2,17.5
