mark,lat,lon,reference_percent,peak_fraction,flood_bearing,ebb_bearing,depth_m
G,50.45483333333333,-3.5286666666666666,28.0,0.28,163,343,12.5
R,50.454166666666666,-3.523833333333333,33.2,0.332,159,339,12.5
1,50.4495,-3.5118333333333336,52.7,0.527,162,342,12.5
2,50.4425,-3.5125,52.4,0.524,184,4,12.5
3,50.439166666666665,-3.524,37.5,0.375,207,27,12.5
4,50.4425,-3.5361666666666665,27.1,0.271,195,15,7.5
5,50.44766666666666,-3.5406666666666666,23.1,0.231,179,359,7.5
6,50.452666666666666,-3.5368333333333335,23.0,0.23,176,356,12.5
M,50.4495,-3.5298333333333334,28.6,0.286,180,360,12.5
T,50.454166666666666,-3.5,90.7,0.907,146,326,12.5
X,50.4215,-3.547,0.0,0.0,222,42,2.1
Y,50.45666666666666,-3.4695,100.7,1.007,169,349,25.0
Z,50.40566666666667,-3.5175,0.8,0.008,225,45,9.6
Em,50.468333333333334,-3.4143333333333334,100.7,1.007,169,349,25.0
