name,lat,lon,new_x,new_y
G,50.45483333333333,-3.5286666666666666,471,145
R,50.454166666666666,-3.523833333333333,535,178
1,50.4495,-3.5118333333333336,692,245
2,50.4425,-3.5125,694,404
3,50.439166666666665,-3.524,508,516
4,50.4425,-3.5361666666666665,368,444
5,50.44766666666666,-3.5406666666666666,282,264
6,50.452666666666666,-3.5368333333333335,349,170
M,50.4495,-3.5298333333333334,437,248
T,50.454166666666666,-3.5,880,202
X,50.4215,-3.547,118,751
Z,50.40566666666667,-3.5175,478,1123
Y,50.45666666666666,-3.4695,1126,87
